:020000040800F2
:100000008007002005590008990800089B0800088F
:100010009F080008A3080008A708000800000000C7
:10002000000000000000000000000000AB08000815
:10003000AD08000800000000AF080008B108000883
:100040001F5900081F5900081F5900081F590008B0
:100050001F5900081F5900081F5900081F590008A0
:100060001F5900081F5900081F5900081F59000890
:100070001F5900081F5900081F5900081F59000880
:100080001F5900081F5900081F5900081F59000870
:100090001F5900081F5900081F5900081F59000860
:1000A0001F5900081F5900081F5900081F59000850
:1000B0001F590008B50500081F5900081F590008FE
:1000C0001F5900081F5900081F5900081F59000830
:1000D0001F5900087B5800081F5900081F590008C5
:1000E0001F5900081F5900081F5900081F59000810
:1000F0001F5900081F5900081F5900081F59000800
:100100001F5900081F5900081F5900081F590008EF
:100110001F5900081F5900081F5900081F590008DF
:100120001F5900081F5900081F5900081F590008CF
:1001300000F002F800F04BF80AA090E8000C8244AE
:100140008344AAF10107DA4501D100F040F8AFF28B
:10015000090EBAE80F0013F0010F18BFFB1A43F0A5
:1001600001031847CC9D0000EC9D0000103A24BF0D
:1001700078C878C1FAD8520724BF30C830C144BF0C
:1001800004680C607047000000230024002500264E
:10019000103A28BF78C1FBD8520728BF30C148BFEA
:1001A0000B607047642907F01B84782907F054849A
:1001B000002070471FB508F05DF904000020002101
:1001C00008F064F9401C60601FBD10B510BD08F058
:1001D00015F91146FFF7EEFF00F03BF908F03CF986
:1001E00003B4FFF7F2FF03BC05F0ECFA00B589B0E9
:1001F000FE480078012804D1FDA103A807F0B8FD4E
:1002000019E0FA480078022804D1FBA103A807F0FE
:10021000AFFD10E0F5480078032803D0F3480078DC
:10022000042804D1F6A103A807F0A2FD03E0F6A17B
:1002300003A807F09DFDF64880780090F4484378C5
:100240000278F4A106A807F08FFBF6A018210B4650
:10025000C822CDE9001028211E2005F0BAF906A811
:1002600018210B46C822CDE900102821642005F092
:10027000B0F9EEA018210B46C822CDE9001050219C
:100280001E2005F0A6F903A818210B46C822CDE9C7
:1002900000105021642005F09CF909B000BD3EB566
:1002A0000024E448008800F4004000284BD005E01A
:1002B000E148005D0DF80400601CC4B20A2C0ADAA3
:1002C000DD48005D38B1DC48005D0D2803D0DA4818
:1002D000005D0A28ECD100200DF80400D7A1684683
:1002E00007F08CFD50B90120D64908700846007807
:1002F000BE490870D4A007F02BFB1CE0BEA16846E5
:1003000007F07CFD38B90220CE4908700846007815
:10031000B64908700FE0CFA1684607F06FFD38B905
:100320000420C849087008460078B049087002E007
:10033000CAA007F00DFB0020BE490880C821BE48B6
:1003400007F03AFD27E0002000F0E4FBC9490870FF
:1003500008460078012809D10420BA4908700846E7
:100360000078A2490870B8A007F0F2FAC1480078F6
:10037000022805D1B3490870084600789B490870E7
:10038000BC480078032806D10120AE490870084611
:100390000078964908703EBD1FB50024A548008826
:1003A00000F40040002853D005E0A348005D01A9F7
:1003B0000855601CC4B20A2C0ADA9F48005D38B1A7
:1003C0009D48005D0D2803D09B48005D0A28ECD1B4
:1003D000002001A908558E48801C431E821EA6A13C
:1003E000009001A807F000FC032824D18848007879
:1003F0003B2819DC864840783B2815DC8448807807
:10040000092811DC0120A149087081488078A049A1
:1004100008707F488378427801789EA007F098FAA8
:10042000A4A007F095FA0CE0002098490870B1A04C
:1004300007F08EFA05E0002094490870ADA007F09F
:1004400087FA00207B490880C8217B4807F0B4FC6C
:100450001FBD1CB54FF4A06005F074FA4FF4E130F5
:1004600005F0BFF905F044F900F014FB00F038FB8B
:1004700041F61F4140F2E73005F0DEF80020A449C4
:10048000086001F054FA4FF47840A24908804FF612
:10049000FF7001F01AFAA0A018210B46C822CDE97E
:1004A000001028211E2005F094F89FA018210B466B
:1004B000C822CDE9001050211E2005F08AF89DA029
:1004C00007F046FA52E07148007888B99DA007F01D
:1004D0003FFA01E0FFF760FF6C4800780028F9D090
:1004E0004FF6FF7001F0F1F90120894908603BE007
:1004F000FFF7D5FE5348007803280AD1A0A007F0E3
:1005000027FA002061490870814908604D49087048
:100510002AE04C480078042812D1A1A007F018FA6C
:1005200000205A4908703A49087048708870A549F7
:10053000087001207649086000204249087013E0E5
:100540004048007802280FD10020714908603048E7
:100550008378427801789CA007F0FAF9A5A007F00B
:10056000F7F9002037490870FFF740FEABE78178C4
:10057000002903DD8178491E81701AE04178002945
:1005800005DD4178491E41700921817011E0017833
:10059000002907DD0178491E01703B2141700921C6
:1005A000817006E00321274A1170114609780F4A2D
:1005B0001170704710B50121974807F0B4F9002871
:1005C00012D00121944807F0BFF91E480078012895
:1005D0000AD10F48FFF7CBFF7A480078401C7949D1
:1005E00008708E4800781BE14BE1000002000020FB
:1005F00072756E2020000000706175736500000048
:1006000073746F7020000000696E707574000000D4
:1006100007000020253032643A253032643A2564E0
:100620000000000054696D65203A00005374617445
:10063000653A00003000002056000020737461729B
:100640007400000001000020BFAACABCBCC6CAB129
:100650000D0A000073746F7000000000C3FCC1EE4F
:10066000B4EDCEF3A3ACC7EBD6D8D0C2CAE4C8EB86
:100670000D0A00000400002025326868753A253212
:100680006868753A25686875000000000000002061
:1006900005000020B5B9BCC6CAB1C9E8D6C3CEAA08
:1006A0003A20253032643A253032643A25640D0A06
:1006B00000000000C7EBD1A1D4F1C3FCC1EEA3BA86
:1006C0000D0A73746172743ABFAACABCBCC6CAB1BF
:1006D0000D0A70617573653ACDA3D6B9BCC6CAB1AF
:1006E0000D0A73746F703ABDE1CAF8BCC6CAB10D89
:1006F0000A000000CAB1BCE4B8F1CABDB4EDCEF343
:10070000A3ACC7EBD6D8D0C2C9E8D6C30D0A000047
:10071000948121422200002054696D65203A3030D6
:100720003A30303A3000000053746174653A696EB3
:1007300070757400B3F5CABCBBAFB3C9B9A60D0AD6
:1007400000000000C7EBC9E8D6C3B5B9BCC6CAB142
:10075000CAB1BCE4A3A8B8F1CABD2078783A7878C9
:100760003A7820C8E730313A35393A38B1EDCABE67
:1007700031B7D63539C3EB38A3A90D0A0000000004
:10078000BCC6CAB1BDE1CAF82CBFC9D2D4D6D8D034
:10079000C2C9E8D6C3BCC6CAB1CAB1BCE40D0A001E
:1007A000D6D5D6B9BCC6CAB10D0ABFC9D2D4D6D81F
:1007B000D0C2C9E8D6C3BCC6CAB1CAB1BCE40D0A2E
:1007C0000000000003000020BCC6CAB1D2D1D4DDB5
:1007D000CDA3A3ACCAA3D3E0BCC6CAB1CAB1BCE422
:1007E000A3BA253032643A253032643A25640D0AC2
:1007F00000000000BFC9D2D4CDA8B9FDBFAACABCB1
:10080000C3FCC1EE28737461727429BCCCD0F8BCEF
:10081000C6CAB10D0A000000000400400600002016
:10082000401C1849087008460078052190FBF1F239
:1008300001FB1200134908700846007838B91248C5
:10084000006808B9012000E000200F4908600F4847
:100850000078642190FBF1F201FB12000B49087053
:100860000846007868B90A4880780A4909788842B9
:1008700007D10748837842780178AFF2A80007F0E3
:1008800067F810BD0600002094812142030000207B
:100890000700002005000020704700BFFEE700BFF2
:1008A000FEE700BFFEE700BFFEE7704770477047F6
:1008B000704700000CB50020019000906C48006863
:1008C00040F480306A49086000BF6948006800F45D
:1008D000003000900198401C0190009818B90198D0
:1008E000B0F5A06FF1D16248006800F4003010B19B
:1008F0000120009001E0002000900098012843D1E1
:100900005C48006840F010005A49086008460068DA
:1009100020F0030008600846006840F0020008600C
:100920005348406852494860084640684860084655
:10093000406840F4806048600846406820F47C10BD
:1009400048600846406840F4E8104860084600687F
:1009500040F08070086000BF4548006800F00070FB
:100960000028F9D04248406820F003004049486020
:100970000846406840F00200486000BF3C484068BC
:1009800000F00C000828F9D10CBD10B5FFF792FF5C
:1009900010BD10B53648006840F0010034490860C9
:1009A00008464068344908403149486008460068B4
:1009B000324908402E4908600846006820F480202B
:1009C00008600846406820F4FE0048604FF41F00AD
:1009D0008860FFF7DAFF4FF000602949086010BD1A
:1009E00010B5002100200022214B5B6803F00C01B0
:1009F00021B1042906D0082928D107E0214B224C37
:100A0000236027E01F4B204C236023E0184B5B68DA
:100A100003F47010164B5B6803F48032022303EB7F
:100A2000904022B9194B4343174C23600DE0104B03
:100A30005B6803F4003323B1144B4343124C23602F
:100A400003E0104B4343104C236003E00D4B0E4C6E
:100A5000236000BF00BF064B5B68C3F303130C4C5D
:100A6000E15C094B1B68CB40074C236010BD0000C4
:100A700000100240002002400000FFF8FFFFF6FED9
:100A800008ED00E000127A000C00002000093D0093
:100A90001000002008B50121482005F0E3FD2020CA
:100AA000ADF8000010208DF8030003208DF802003F
:100AB0006946094805F01AFB2021074805F0C3FBE9
:100AC0002020ADF800006946044805F00FFB202106
:100AD000024805F0B8FB08BD000C014000180140B9
:100AE00008B50121442005F0BDFD1C20ADF8000033
:100AF00048208DF803006946354805F0F7FA0120D3
:100B0000ADF8000028208DF803006946314805F053
:100B1000EDFA08BD10B5044614B101202E49087045
:100B20002D480078002837D01021294805F071FBA6
:100B300078B10821264805F06CFB50B10421244807
:100B400005F067FB28B10121224805F062FB01286E
:100B500022D10A2004F009FE00201F49087010214C
:100B60001B4805F056FB08B9012010BD08211848A4
:100B700005F04FFB08B90220F7E70421144805F0FF
:100B800048FB08B90320F0E70121124805F041FBBA
:100B900001281BD10420E8E710210D4805F039FB9E
:100BA000012813D108210A4805F033FB01280DD193
:100BB0000421074805F02DFB012807D10121054834
:100BC00005F027FB10B90120034908700020CCE78D
:100BD000001801400008014020000020F74908806B
:100BE0007047F649891C0880704708B5F348801C97
:100BF00000880090BDF8000008BDF04A1080921CEB
:100C00001180704710B504462046FFF7E7FF052026
:100C100004F087FDFFF7E9FF10BDE9480089E749C7
:100C200008807047E549891C0880704730B5014647
:100C300001F01F04C1F34513CA0AE50205EB431591
:100C40001544A8B230BD00BF011EA0F10102D0B210
:100C5000FAD1704710B503460C46D948808849F24E
:100C60004131884205D0D648808845F2103188420B
:100C700014D1D3494889FFF7B1FF1812FFF7B1FF2C
:100C8000D8B2FFF7AEFFCE498889FFF7A7FF201241
:100C9000FFF7A7FFE0B2FFF7A4FFABE0C8488088EA
:100CA00046F6040188421DD1C5488079012804D147
:100CB000C3480088401EC01A83B2C1494889FFF763
:100CC0008DFF1812FFF78DFFD8B2FFF78AFFBC49DE
:100CD0008889FFF783FF2012FFF783FFE0B2FFF759
:100CE00080FF87E0B648808841F66311884247D18B
:100CF000B3488079A8B9B2480088401EC01A83B2B0
:100D0000AF494889FFF76AFF0020FFF76AFF00201C
:100D1000FFF767FF1812FFF764FFD8B2FFF761FF14
:100D200016E0A7494889FFF759FF1812FFF759FF46
:100D3000D8B2FFF756FFA2490988491EC1F30F2018
:100D4000FFF74FFF9E490978491EC8B2FFF749FFD8
:100D50009B498889FFF742FF2012FFF742FFE0B26C
:100D6000FFF73FFF96494988491EC1F30F20FFF75F
:100D700038FF93498978491EC8B2FFF732FF39E03E
:100D80008F48808845F21051884220D18C4948898B
:100D9000FFF724FF1812FFF724FF89494989491CEE
:100DA00088B2FFF71BFFD8B2FFF71BFF8449888981
:100DB000FFF714FF2012FFF714FF81498989491CAE
:100DC00088B2FFF70BFFE0B2FFF70BFF12E07C48A1
:100DD0008079012804D17A480088401EC01A83B265
:100DE000774948891946FFF708FF754988892146E0
:100DF000FFF703FF10BD2DE9F04105460E46002424
:100E00000027A0466E480088A84203DD6C48408851
:100E1000B04202DC0020BDE8F08131462846FFF7F1
:100E200019FF6748808849F24131884211D06448EF
:100E3000808846F6040188420BD06148808845F2DC
:100E40001031884205D05E48808841F6631188429F
:100E500003D12E20FFF7C2FE0DE05948808845F2ED
:100E60001051884204D14FF43850FFF7B7FE02E02A
:100E70002220FFF7B3FE5248808849F22031884291
:100E800002D10220FFF7DFFEFFF7AFFE04464C4819
:100E9000808841F66311884201D12046BBE70220D9
:100EA000FFF7D1FEFFF7A1FE04464548808849F2CE
:100EB000413188420BD04248808845F21031884247
:100EC00005D03F48808845F2105188420AD102205F
:100ED000FFF7B9FEFFF789FE8046E7B24FF6FF70D5
:100EE00000EA07273648808849F22531884216D023
:100EF0003348808844F23551884210D03048808889
:100F0000091F88420BD02E4880884BF20551884239
:100F100005D02B4880884CF20551884201D12046EB
:100F200079E72748808849F2413188420BD024482C
:100F3000808845F21031884205D02148808845F2EA
:100F40001051884207D1E012C002B91240EA4110A4
:100F500040EAE8205FE72046FFF768FE5BE700B560
:100F60001748808849F24131884211D0144880885E
:100F700046F6040188420BD01148808845F21031B2
:100F8000884205D00E48808841F66311884203D11B
:100F90002920FFF723FE0FE00948808845F2105111
:100FA000884204D14FF42450FFF718FE04E040F2C9
:100FB00073110720FFF721FE00BD0000FE07006C43
:100FC0004800002000B5FD48808849F24131884240
:100FD00011D0FA48808846F6040188420BD0F748C1
:100FE000808845F21031884205D0F448808841F667
:100FF0006311884203D12820FFF7F0FD0EE0EF488F
:10100000808845F21051884204D14FF42050FFF7F8
:10101000E5FD03E000210720FFF7EFFD00BD70B5FF
:10102000044600230026E548807901280BD1E348D7
:10103000808846F60401884205D0E048808841F661
:101040006311884208D1DD488079F0B9DB48808897
:1010500041F66311884218D1082C15D2DFE804F05C
:101060000406080A0C0E101206240DE007240BE0FB
:10107000042409E0052407E0012405E0002403E03E
:10108000032401E0022400BF00BFCC48808849F25D
:101090004131884217D0C948808846F60401884209
:1010A00011D0C648808845F2103188420BD0C34821
:1010B000808845F21051884205D0C048808841F6AA
:1010C000631188427ED1082C1CD2DFE804F00406AC
:1010D000090C0F12151800BF14E043F0800311E053
:1010E00043F040030EE043F0C0030BE043F0200365
:1010F00008E043F0600305E043F0A00302E043F0A2
:10110000E00300BF00BFAD48808845F2105188421F
:1011100002D14FF4585600E03626A848808845F2A0
:10112000103188420DD0A548808845F21051884280
:1011300007D0A248808841F66311884201D043F06D
:1011400008039E48808846F60401884201D143F096
:10115000020319463046FFF750FD9848808841F653
:10116000631188421DD003F0200068B193480088C5
:1011700092494988884214DA9048058840888F4906
:101180000880084645800CE08C4800888B494988D7
:10119000884206DD894805884088884908800846D5
:1011A00045808648808845F21051884254D1834951
:1011B0004889FFF713FD0020FFF713FD7F49498998
:1011C000491C00E077E088B2FFF708FD0020FFF738
:1011D00008FD7A494989891C88B2FFF7FFFC7749E5
:1011E0000988491EC1F30F20FFF7FBFC73494989A9
:1011F000C91C88B2FFF7F2FC70490978491EC8B2D1
:10120000FFF7EFFC6D498889FFF7E8FC0020FFF746
:10121000E8FC6A498989491C88B2FFF7DFFC002095
:10122000FFF7DFFC65498989891C88B2FFF7D6FC86
:1012300062494988491EC1F30F20FFF7D2FC5F497C
:101240008989C91C88B2FFF7C9FC5C498978491EA5
:10125000C8B2FFF7C6FC55E058494889FFF7BEFC05
:101260000020FFF7BEFC0020FFF7BBFC53490988B4
:10127000491EC1F30F20FFF7B4FC50490978491EFD
:10128000C8B2FFF7AEFC4D498889FFF7A7FC0020E4
:10129000FFF7A7FC0020FFF7A4FC48494988491E36
:1012A000C1F30F20FFF79DFC44498978491EC8B25D
:1012B000FFF797FC26E0082C1CD2DFE804F00407B7
:1012C0000A0D0F12151843F0300313E043F010031A
:1012D00010E043F020030DE000BF0BE043F03803C3
:1012E00008E043F0280305E043F0180302E043F070
:1012F000080300BF00BF032643F48053194630465D
:10130000FFF77BFC70BD30B504460D4629462046EC
:10131000FFF7A0FCFFF781FC2948008829490880D5
:1013200030BD30B503460C4615462448808849F246
:101330004131884205D02148808845F210318842E9
:1013400014D11E494889FFF749FC1812FFF749FCE0
:10135000D8B2FFF746FC19498889FFF73FFC2012F5
:10136000FFF73FFCE0B2FFF73CFC93E013488088B6
:1013700045F21051884227D110494889FFF72EFCC9
:101380001812FFF72EFC0D494989491C88B2FFF756
:1013900025FCD8B2FFF725FC08498889FFF71EFC19
:1013A0002012FFF71EFC05498989491C88B2FFF706
:1013B00015FCE0B2FFF715FC6CE0000048000020CF
:1013C000220000200008006CFC48808841F6631170
:1013D000884228D1F948807920B9F8480088401E11
:1013E000C01A83B2F5494889FFF7F8FB1812FFF7D6
:1013F000F8FBD8B2FFF7F5FB1812FFF7F2FBD8B2F3
:10140000FFF7EFFBED498889FFF7E8FB2012FFF7B4
:10141000E8FBE0B2FFF7E5FB2012FFF7E2FBE0B2EA
:10142000FFF7DFFB36E0E548808846F60401884296
:101430001DD1E2488079012804D1E0480088401E8F
:10144000C01A83B2DD494889FFF7C8FB1812FFF7BD
:10145000C8FBD8B2FFF7C5FBD8498889FFF7BEFBA8
:101460002012FFF7BEFBE0B2FFF7BBFB12E0D34850
:101470008079012804D1D1480088401EC01A83B267
:10148000CE4948891946FFF7B8FBCC4988892146DF
:10149000FFF7B3FBC9480089C9490880881C05804B
:1014A00030BD2DE9F0470446BE20FFF797FB05202D
:1014B000FFF797FB204607F02CF807464FF06632FF
:1014C000C04B07F039F8054606F0F6FF1FFA80F921
:1014D0004846FFF786FB0120FFF783FBFF20FFF75D
:1014E00080FB0020FFF77DFB0020FFF77AFBBDE8C3
:1014F000F08710B50446002C66D1B0498871F02001
:1015000008804FF4A07048800846808849F2413135
:1015100088420BD0A948808846F60401884205D04D
:10152000A648808845F2103188421AD12C20A34960
:1015300008812A2048812B2088810846808846F629
:101540000401884205D09D48808845F210318842C8
:1015500006D14FF4A070994908804FF4F07048808C
:10156000A1E09648808845F21051884210D14FF48E
:101570003050924908814FF4285048814FF42C5044
:1015800088814FF4F07008804FF4487048808AE0FA
:101590008A48808841F6631188420DD12C20874902
:1015A00008812B2048812A2088814FF4F070088020
:1015B0004FF44870488076E022208049088120203E
:1015C0004881212088816EE001207C4988714FF498
:1015D000A0700880F02048800846808849F2413198
:1015E000884205D07548808845F21031884207D17D
:1015F0002C20724908812A2048812B2088813FE0D5
:101600006E48808846F60401884207D12C206B4939
:1016100008812B2048812A20888131E06748808812
:1016200045F21051884210D14FF43050634908817F
:101630004FF4285048814FF42C5088814FF4487063
:1016400008804FF4F07048801AE05C48808841F6CA
:10165000631188420DD12C20584908812A204881E5
:101660002B2088814FF4487008804FF4F070488038
:1016700006E02220514908812120488120208881CC
:101680004E48808846F60401884205D04B48808841
:1016900045F21031884206D14FF4F0704749088076
:1016A0004FF4A07048800020FFF7B9FC10BD2DE971
:1016B000F04F86B004460D469046994604EB08006C
:1016C000401E86B205EB0900401E87B23B48808869
:1016D00049F24131884215D03848808845F21031AE
:1016E00088420FD03548808846F60401884209D0E8
:1016F00032488079012826D13048808841F663112C
:10170000884220D12D494889FFF768FA2012FFF757
:1017100068FAE0B2FFF765FA3012FFF762FAF0B24A
:10172000FFF75FFA25498889FFF758FA2812FFF773
:1017300058FAE8B2FFF755FA3812FFF752FAF8B242
:10174000FFF74FFABEE01D48808841F663118842DA
:101750003AD11A480088A0EB0800001B84B205EBC0
:101760000900401E1FFA80F914494889FFF736FA2C
:101770002012FFF736FAE0B2FFF733FA04EB080164
:10178000491EC1F30F20FFF72CFA04EB0801491E94
:10179000C8B2FFF726FA09498889FFF71FFA28120D
:1017A000FFF71FFAE8B2FFF71CFA4FEA2920FFF70C
:1017B00018FA09F0FF00FFF714FA83E04800002050
:1017C000FE07006C66660440FE48808845F21051B2
:1017D000884244D1FB494889FFF700FA2012FFF7FD
:1017E00000FAF8494989491C88B2FFF7F7F9E0B2D5
:1017F000FFF7F7F9F3494989891C88B2FFF7EEF939
:101800003012FFF7EEF9EF494989C91C88B2FFF79A
:10181000E5F9F0B2FFF7E5F9EA498889FFF7DEF963
:101820002812FFF7DEF9E7498989491C88B2FFF7DA
:10183000D5F9E8B2FFF7D5F9E2498989891C88B260
:10184000FFF7CCF93812FFF7CCF9DE498989C91CBA
:1018500088B2FFF7C3F9F8B2FFF7C3F932E0D9480D
:10186000807901280ED1AA46BB46D6480088801B45
:10187000401E80B20190D3480088001B401E80B2F9
:10188000009003E0A246B3460195009750200590D2
:101890005120049052200390532002905146059805
:1018A000FFF7ABF959460498FFF7A7F90199039898
:1018B000FFF7A3F900990298FFF79FF92946204600
:1018C000FFF7C8F906B0BDE8F08F70B504460026F2
:1018D000BC48058840884543BA48808846F60401DC
:1018E000884216D1B7488079012812D10020B54925
:1018F00088712A2048812B20888100210846FFF723
:10190000A9F90120AF4988712B2048812A208881BC
:1019100003E000210846FFF79DF9FFF77EF9002656
:1019200002E0A9480480761CAE42FAD370BD00B52F
:101930009FB00121080204F088FE01214FF4B47029
:1019400004F090FE0120ADF8780010208DF87B00A7
:1019500003208DF87A001EA99C4804F0C7FB4CF2C6
:101960003370ADF8780018208DF87B0003208DF8D7
:101970007A001EA9964804F0B9FB4FF68070ADF8C6
:10198000780018208DF87B0003208DF87A001EA9BE
:10199000904804F0ABFB41F20100ADF8780018204C
:1019A0008DF87B0003208DF87A001EA98A4804F088
:1019B0009DFB01200890002009900F200A90002034
:1019C0000B900C900D900E900190029003200390CC
:1019D0000020049005900690079006200F900020AC
:1019E00010901190102012900020139015901490D8
:1019F000169017904FF480501890002019904FF4D3
:101A000080401A9000201B9008A81C9001A81D90EF
:101A10000FA804F051F80121062004F0B5F9322096
:101A200003F0A3FE0020FFF7EDF866498880084622
:101A30008088FF280ADB084680884FF6FF718842BD
:101A400004D060488088B0F5134F7CD1D320FFF7D5
:101A5000C5F8FFF7CAF85B498880FFF7C6F859490F
:101A60008880FFF7C2F857498880084680884FF67B
:101A7000FF7101EA002053498880FFF7B6F8514909
:101A8000898808434F4988800846808849F2413157
:101A9000884258D0BF20FFF7A1F8FFF7A6F84949C0
:101AA0008880FFF7A2F847498880FFF79EF84549EC
:101AB0008880FFF79AF843498880084680884FF667
:101AC000FF7101EA00203F498880FFF78EF83D4909
:101AD000898808433B4988800846808846F6040187
:101AE000884230D0D420FFF779F8FFF77EF83549E7
:101AF0008880FFF77AF833498880FFF776F8314914
:101B00008880084680884FF6FF7101EA00202D4941
:101B10008880FFF76AF82B4989880843294988801B
:101B20000846808845F21031884263D04FF45A400D
:101B3000FFF754F8FFF759F8224988804FF45B40CB
:101B4000FFF74CF800E055E0FFF74FF81D4988809B
:101B5000084680884FF6FF7101EA00201949888005
:101B60004FF45C40FFF73AF8FFF73FF815498988D2
:101B700008431449888008468088B0F5004F02D198
:101B800045F2105088800F48808845F210518842F5
:101B900030D0A120FFF722F8FFF727F80949888005
:101BA000FFF723F807498880084680884FF6FF71C1
:101BB00001EA002003498880FFF717F80149898866
:101BC00008430BE0480000200008006C000C0140B6
:101BD000001401400018014000200140FE498880A7
:101BE0000846808845F26171884203D141F663104E
:101BF000F9498880F8488188F8A005F0A9FEF648E0
:101C0000808849F2413188427ED1CF20FEF7E6FF3D
:101C10000020FEF7E6FFC120FEF7E3FF3020FEF7CD
:101C2000E0FFED20FEF7DAFF6420FEF7DAFF032085
:101C3000FEF7D7FF1220FEF7D4FF8120FEF7D1FF79
:101C4000E820FEF7CBFF8520FEF7CBFF1020FEF744
:101C5000C8FF7A20FEF7C5FFCB20FEF7BFFF392073
:101C6000FEF7BFFF2C20FEF7BCFF0020FEF7B9FFF8
:101C70003420FEF7B6FF0220FEF7B3FFF720FEF791
:101C8000ADFF2020FEF7ADFFEA20FEF7A7FF002002
:101C9000FEF7A7FF0020FEF7A4FFC020FEF79EFF7F
:101CA0001B20FEF79EFFC120FEF798FF0120FEF7E4
:101CB00098FFC520FEF792FF3020FEF792FF3020FC
:101CC000FEF78FFFC720FEF789FFB720FEF789FFD9
:101CD0003620FEF783FF4820FEF783FF3A20FEF709
:101CE0007DFF5520FEF77DFFB120FEF777FF002036
:101CF000FEF777FF1A20FEF774FFB620FEF76EFF9F
:101D00000A20FEF76EFF00E097E0A220FEF769FFD1
:101D1000F220FEF763FF0020FEF763FF2620FEF7A8
:101D20005DFF0120FEF75DFFE020FEF757FF0F206B
:101D3000FEF757FF2A20FEF754FF2820FEF751FF39
:101D40000820FEF74EFF0E20FEF74BFF0820FEF79F
:101D500048FF5420FEF745FFA920FEF742FF43202D
:101D6000FEF73FFF0A20FEF73CFF0F20FEF739FF8A
:101D70000020FEF736FF0020FEF733FF0020FEF7BD
:101D800030FF0020FEF72DFFE120FEF727FF0020A7
:101D9000FEF727FF1520FEF724FF1720FEF721FF8F
:101DA0000720FEF71EFF1120FEF71BFF0620FEF79F
:101DB00018FF2B20FEF715FF5620FEF712FF3C20E0
:101DC000FEF70FFF0520FEF70CFF1020FEF709FFBE
:101DD0000F20FEF706FF3F20FEF703FF3F20FEF730
:101DE00000FF0F20FEF7FDFE2B20FEF7F7FE002080
:101DF000FEF7F7FE0020FEF7F4FE0120FEF7F1FEED
:101E00003F20FEF7EEFE2A20FEF7E8FE0020FEF758
:101E1000E8FE0020FEF7E5FE0020FEF7E2FEEF20E0
:101E2000FEF7DFFE1120FEF7D9FE782003F09DFCBF
:101E30002920FEF7D3FE03F025B96748808846F6CF
:101E4000040188427ED11120FEF7C8FE142003F061
:101E50008CFCD020FEF7C2FE0720FEF7C2FE422017
:101E6000FEF7BFFE1D20FEF7BCFED120FEF7B6FE3A
:101E70000020FEF7B6FE1A20FEF7B3FE0920FEF79B
:101E8000B0FED220FEF7AAFE0120FEF7AAFE222015
:101E9000FEF7A7FEC020FEF7A1FE1020FEF7A1FE70
:101EA0003B20FEF79EFE0020FEF79BFE0220FEF781
:101EB00098FE1120FEF795FEC520FEF78FFE032049
:101EC000FEF78FFEC820FEF789FE0020FEF789FE90
:101ED0002520FEF786FE2120FEF783FE0520FEF773
:101EE00080FE0020FEF77DFE0A20FEF77AFE6520C8
:101EF000FEF777FE2520FEF774FE7720FEF771FED1
:101F00005020FEF76EFE0F20FEF76BFE0020FEF75E
:101F100068FEF820FEF762FE0120FEF762FEFE205A
:101F2000FEF75CFE0020FEF75CFE0220FEF759FE85
:101F30002020FEF753FE3620FEF750FE0820FEF765
:101F400050FE00E02AE03A20FEF748FE5520FEF75A
:101F500048FE2B20FEF742FE0020FEF742FE002046
:101F6000FEF73FFE0120FEF73CFE3F20FEF739FE64
:101F70002A20FEF733FE0020FEF733FE0020FEF796
:101F800030FE0120FEF72DFEDF20FEF72AFE78202E
:101F900003F0EBFB2920FEF721FE4CE70E4880887A
:101FA00045F21031884240F08487ED20FEF716FE9E
:101FB0000120FEF716FEFE20FEF713FEEE20FEF7D0
:101FC0000DFEDE20FEF70DFE2120FEF70AFEF120B9
:101FD000FEF704FE012009E048000020204C4344A5
:101FE0002049443A25780D0A00000000FEF7F9FD6B
:101FF000DF20FEF7F3FD1020FEF7F3FDC420FEF70F
:10200000EDFD8F20FEF7EDFDC620FEF7E7FD002079
:10201000FEF7E7FDE220FEF7E4FDE220FEF7E1FD3A
:10202000E220FEF7DEFDBF20FEF7D8FDAA20FEF776
:10203000D8FDB020FEF7D2FD0D20FEF7D2FD002026
:10204000FEF7CFFD0D20FEF7CCFD0020FEF7C9FD09
:102050001120FEF7C6FD0020FEF7C3FD1920FEF794
:10206000C0FD0020FEF7BDFD2120FEF7BAFD0020D7
:10207000FEF7B7FD2D20FEF7B4FD0020FEF7B1FD01
:102080003D20FEF7AEFD0020FEF7ABFD5D20FEF724
:10209000A8FD0020FEF7A5FD5D20FEF7A2FD0020B3
:1020A000FEF79FFDB120FEF799FD8020FEF799FD18
:1020B0000020FEF796FD8B20FEF793FD0020FEF733
:1020C00090FD9620FEF78DFD0020FEF78AFDB220E0
:1020D000FEF784FD0020FEF784FD0020FEF781FD61
:1020E0000220FEF77EFD0020FEF77BFD0320FEF7B9
:1020F00078FD0020FEF775FDB320FEF76FFD002090
:10210000FEF76FFD0020FEF76CFD0020FEF769FD75
:102110000020FEF766FD0020FEF763FD0020FEF7BD
:1021200060FD0020FEF75DFD0020FEF75AFD002057
:10213000FEF757FD0020FEF754FD0020FEF751FD8D
:102140000020FEF74EFD0020FEF74BFD0020FEF7BD
:1021500048FD0020FEF745FD0020FEF742FD00206F
:10216000FEF73FFD0020FEF73CFD0020FEF739FDA5
:102170000020FEF736FD0020FEF733FD0020FEF7BD
:1021800030FD0020FEF72DFD0020FEF72AFDB420D3
:10219000FEF724FD8B20FEF724FD0020FEF721FD35
:1021A0009620FEF71EFD0020FEF71BFDA120FEF786
:1021B00018FD0020FEF715FDB520FEF70FFD0220EB
:1021C000FEF70FFD0020FEF70CFD0320FEF709FDD2
:1021D0000020FEF706FD0420FEF703FD0020FEF7B9
:1021E00000FDB620FEF7FAFC0020FEF7FAFC002006
:1021F000FEF7F7FCB720FEF7F1FC0020FEF7F1FC3C
:102200000020FEF7EEFC3F20FEF7EBFC0020FEF77F
:10221000E8FC5E20FEF7E5FC0020FEF7E2FC64200F
:10222000FEF7DFFC0020FEF7DCFC8C20FEF7D9FC7B
:102230000020FEF7D6FCAC20FEF7D3FC0020FEF712
:10224000D0FCDC20FEF7CDFC0020FEF7CAFC70209D
:10225000FEF7C7FC0020FEF7C4FC9020FEF7C1FC8F
:102260000020FEF7BEFCEB20FEF7BBFC0020FEF7D3
:10227000B8FCDC20FEF7B5FC0020FEF7B2FCB8206D
:10228000FEF7ACFC0020FEF7ACFC0020FEF7A9FC3A
:102290000020FEF7A6FC0020FEF7A3FC0020FEF7BE
:1022A000A0FC0020FEF79DFC0020FEF79AFC002019
:1022B000FEF797FCBA20FEF791FC2420FEF791FC74
:1022C0000020FEF78EFC0020FEF78BFC0020FEF7BE
:1022D00088FCC120FEF782FC2020FEF782FC002053
:1022E000FEF77FFC5420FEF77CFC0020FEF779FC13
:1022F000FF20FEF776FC0020FEF773FCC220FEF7FD
:102300006DFC0A20FEF76DFC0020FEF76AFC04203D
:10231000FEF767FC0020FEF764FCC320FEF75EFCBE
:102320003C20FEF75EFC0020FEF75BFC3A20FEF747
:1023300058FC0020FEF755FC3920FEF752FC002027
:10234000FEF74FFC3720FEF74CFC0020FEF749FC5F
:102350003C20FEF746FC0020FEF743FC3620FEF74B
:1023600040FC0020FEF73DFC3220FEF73AFC002046
:10237000FEF737FC2F20FEF734FC0020FEF731FC7F
:102380002C20FEF72EFC0020FEF72BFC2920FEF768
:1023900028FC0020FEF725FC2620FEF722FC00206A
:1023A000FEF71FFC2420FEF71CFC0020FEF719FCA2
:1023B0002420FEF716FC0020FEF713FC2320FEF776
:1023C00010FC0020FEF70DFC3C20FEF70AFC00206C
:1023D000FEF707FC3620FEF704FC0020FEF701FCA8
:1023E0003220FEF7FEFB0020FEF7FBFB2F20FEF75E
:1023F000F8FB0020FEF7F5FB2C20FEF7F2FB002097
:10240000FEF7EFFB2920FEF7ECFB0020FEF7E9FBCF
:102410002620FEF7E6FB0020FEF7E3FB2420FEF774
:10242000E0FB0020FEF7DDFB2420FEF7DAFB0020B6
:10243000FEF7D7FB2320FEF7D4FB0020FEF7D1FBED
:10244000C420FEF7CBFB6220FEF7CBFB0020FEF79B
:10245000C8FB0520FEF7C5FB0020FEF7C2FB842069
:10246000FEF7BFFB0020FEF7BCFBF020FEF7B9FB38
:102470000020FEF7B6FB1820FEF7B3FB0020FEF7A6
:10248000B0FBA420FEF7ADFB0020FEF7AAFB18204E
:10249000FEF7A7FB0020FEF7A4FB5020FEF7A1FBF0
:1024A0000020FEF79EFB0C20FEF79BFB0020FEF7B2
:1024B00098FB1720FEF795FB0020FEF792FB952076
:1024C000FEF78FFB0020FEF78CFBF320FEF789FB65
:1024D0000020FEF786FBE620FEF783FB0020FEF7D8
:1024E00080FBC520FEF77AFB3220FEF77AFB002046
:1024F000FEF777FB4420FEF774FB0020FEF771FB2C
:102500006520FEF76EFB0020FEF76BFB7620FEF7E2
:1025100068FB0020FEF765FB8820FEF762FB0020C9
:10252000FEF75FFBC620FEF759FB2020FEF759FBA4
:102530000020FEF756FB1720FEF753FB0020FEF7A6
:1025400050FB0120FEF74DFB0020FEF74AFBC720A1
:10255000FEF744FB0020FEF744FB0020FEF741FBA2
:102560000020FEF73EFB0020FEF73BFBC820FEF7F5
:1025700035FB0020FEF735FB0020FEF732FB002084
:10258000FEF72FFB0020FEF72CFBC920FEF726FBF1
:102590000020FEF726FB0020FEF723FB0020FEF7BD
:1025A00020FB0020FEF71DFB0020FEF71AFB002099
:1025B000FEF717FB0020FEF714FB0020FEF711FBCF
:1025C0000020FEF70EFB0020FEF70BFB0020FEF7BD
:1025D00008FB0020FEF705FB0020FEF702FB0020B1
:1025E000FEF7FFFA0020FEF7FCFA0020FEF7F9FAEA
:1025F000E020FEF7F3FA1620FEF7F3FA0020FEF7CC
:10260000F0FA1C20FEF7EDFA0020FEF7EAFA21208E
:10261000FEF7E7FA0020FEF7E4FA3620FEF7E1FACB
:102620000020FEF7DEFA4620FEF7DBFA0020FEF778
:10263000D8FA5220FEF7D5FA0020FEF7D2FA64202D
:10264000FEF7CFFA0020FEF7CCFA7A20FEF7C9FA9F
:102650000020FEF7C6FA8B20FEF7C3FA0020FEF733
:10266000C0FA9920FEF7BDFA0020FEF7BAFAA820BA
:10267000FEF7B7FA0020FEF7B4FAB920FEF7B1FA78
:102680000020FEF7AEFAC420FEF7ABFA0020FEF7FA
:10269000A8FACA20FEF7A5FA0020FEF7A2FAD22077
:1026A000FEF79FFA0020FEF79CFAD920FEF799FA70
:1026B0000020FEF796FAE020FEF793FA0020FEF7DE
:1026C00090FAF320FEF78DFA0020FEF78AFAE12057
:1026D000FEF784FA1620FEF784FA0020FEF781FA4E
:1026E0001C20FEF77EFA0020FEF77BFA2220FEF780
:1026F00078FA0020FEF775FA3620FEF772FA00200D
:10270000FEF76FFA4520FEF76CFA0020FEF769FA33
:102710005220FEF766FA0020FEF763FA6420FEF707
:1027200060FA0020FEF75DFA7A20FEF75AFA0020E0
:10273000FEF757FA8B20FEF754FA0020FEF751FA05
:102740009920FEF74EFA0020FEF74BFAA820FEF77C
:1027500048FA0020FEF745FAB920FEF742FA0020B9
:10276000FEF73FFAC420FEF73CFA0020FEF739FAE4
:10277000CA20FEF736FA0020FEF733FAD220FEF721
:1027800030FA0020FEF72DFAD820FEF72AFA0020B2
:10279000FEF727FAE020FEF724FA0020FEF721FAE0
:1027A000F320FEF71EFA0020FEF71BFAE220FEF7E8
:1027B00015FA0520FEF715FA0020FEF712FA0B2095
:1027C000FEF70FFA0020FEF70CFA1B20FEF709FABD
:1027D0000020FEF706FA3420FEF703FA0020FEF789
:1027E00000FA4420FEF7FDF90020FEF7FAF94F2029
:1027F000FEF7F7F90020FEF7F4F96120FEF7F1F992
:102800000020FEF7EEF97920FEF7EBF90020FEF745
:10281000E8F98820FEF7E5F90020FEF7E2F99720B5
:10282000FEF7DFF90020FEF7DCF9A620FEF7D9F964
:102830000020FEF7D6F9B720FEF7D3F90020FEF707
:10284000D0F9C220FEF7CDF90020FEF7CAF9C72063
:10285000FEF7C7F90020FEF7C4F9D120FEF7C1F951
:102860000020FEF7BEF9D620FEF7BBF90020FEF7E8
:10287000B8F9DD20FEF7B5F90020FEF7B2F9F32034
:10288000FEF7AFF90020FEF7ACF9E320FEF7A6F95A
:102890000520FEF7A6F90020FEF7A3F90A20FEF7AF
:1028A000A0F90020FEF79DF91C20FEF79AF9002000
:1028B000FEF797F93320FEF794F90020FEF791F91F
:1028C0004420FEF78EF90020FEF78BF95020FEF72A
:1028D00088F90020FEF785F96220FEF782F90020D2
:1028E000FEF77FF97820FEF77CF90020FEF779F9F2
:1028F0008820FEF776F90020FEF773F99720FEF79F
:1029000070F90020FEF76DF9A620FEF76AF90020A5
:10291000FEF767F9B720FEF764F90020FEF761F9CA
:10292000C220FEF75EF90020FEF75BF9C720FEF734
:1029300058F90020FEF755F9D120FEF752F9002092
:10294000FEF74FF9D520FEF74CF90020FEF749F9C4
:10295000DD20FEF746F90020FEF743F9F320FEF7ED
:1029600040F90020FEF73DF9E420FEF737F9012099
:10297000FEF737F90020FEF734F90120FEF731F9B0
:102980000020FEF72EF90220FEF72BF90020FEF7BB
:1029900028F92A20FEF725F90020FEF722F93C202D
:1029A000FEF71FF90020FEF71CF94B20FEF719F97E
:1029B0000020FEF716F95D20FEF713F90020FEF760
:1029C00010F97420FEF70DF90020FEF70AF98420B3
:1029D000FEF707F90020FEF704F99320FEF701F94E
:1029E0000020FEF7FEF8A220FEF7FBF80020FEF71D
:1029F000F8F8B320FEF7F5F80020FEF7F2F8BE2055
:102A0000FEF7EFF80020FEF7ECF8C420FEF7E9F837
:102A10000020FEF7E6F8CD20FEF7E3F80020FEF7F1
:102A2000E0F8D320FEF7DDF80020FEF7DAF8DD202D
:102A3000FEF7D7F80020FEF7D4F8F320FEF7D1F820
:102A40000020FEF7CEF8E520FEF7C8F80020FEF7DC
:102A5000C8F80020FEF7C5F80020FEF7C2F80020F5
:102A6000FEF7BFF80220FEF7BCF80020FEF7B9F829
:102A70002920FEF7B6F80020FEF7B3F83C20FEF759
:102A8000B0F80020FEF7ADF84B20FEF7AAF80020C2
:102A9000FEF7A7F85D20FEF7A4F80020FEF7A1F8E6
:102AA0007420FEF79EF80020FEF79BF88420FEF7C6
:102AB00098F80020FEF795F89320FEF792F8002092
:102AC000FEF78FF8A220FEF78CF80020FEF789F8B9
:102AD000B320FEF786F80020FEF783F8BE20FEF74D
:102AE00080F80020FEF77DF8C420FEF77AF8002079
:102AF000FEF777F8CD20FEF774F80020FEF771F8A6
:102B0000D320FEF76EF80020FEF76BF8DC20FEF70E
:102B100068F80020FEF765F8F320FEF762F8002061
:102B2000FEF75FF8E620FEF759F81120FEF759F896
:102B30000020FEF756F83420FEF753F80020FEF789
:102B400050F85620FEF74DF80020FEF74AF87620A0
:102B5000FEF747F80020FEF744F87720FEF741F82B
:102B60000020FEF73EF86620FEF73BF80020FEF757
:102B700038F88820FEF735F80020FEF732F8992063
:102B8000FEF72FF80020FEF72CF8BB20FEF729F8FF
:102B90000020FEF726F89920FEF723F80020FEF724
:102BA00020F86620FEF71DF80020FEF71AF85520E1
:102BB000FEF717F80020FEF714F85520FEF711F87D
:102BC0000020FEF70EF84520FEF70BF80020FEF778
:102BD00008F84320FEF705F80020FEF702F844202D
:102BE000FDF7FFFF0020FDF7FCFFE720FDF7F6FFF4
:102BF0003220FDF7F6FF0020FDF7F3FF5520FDF72B
:102C0000F0FF0020FDF7EDFF7620FDF7EAFF002042
:102C1000FDF7E7FF6620FDF7E4FF0020FDF7E1FF89
:102C20006720FDF7DEFF0020FDF7DBFF6720FDF7E3
:102C3000D8FF0020FDF7D5FF8720FDF7D2FF002049
:102C4000FDF7CFFF9920FDF7CCFF0020FDF7C9FF6E
:102C5000BB20FDF7C6FF0020FDF7C3FF9920FDF75D
:102C6000C0FF0020FDF7BDFF7720FDF7BAFF002071
:102C7000FDF7B7FF4420FDF7B4FF0020FDF7B1FFDB
:102C80005620FDF7AEFF0020FDF7ABFF2320FDF738
:102C9000A8FF0020FDF7A5FF3320FDF7A2FF0020CD
:102CA000FDF79FFF4520FDF79CFF0020FDF799FFF2
:102CB000E820FDF793FF0020FDF793FF0020FDF7CC
:102CC00090FF9920FDF78DFF0020FDF78AFF8720F8
:102CD000FDF787FF0020FDF784FF8820FDF781FFC7
:102CE0000020FDF77EFF7720FDF77BFF0020FDF73A
:102CF00078FF6620FDF775FF0020FDF772FF882042
:102D0000FDF76FFF0020FDF76CFFAA20FDF769FFBC
:102D10000020FDF766FFBB20FDF763FF0020FDF7F5
:102D200060FF9920FDF75DFF0020FDF75AFF662048
:102D3000FDF757FF0020FDF754FF5520FDF751FF29
:102D40000020FDF74EFF5520FDF74BFF0020FDF75B
:102D500048FF4420FDF745FF0020FDF742FF4420D7
:102D6000FDF73FFF0020FDF73CFF5520FDF739FF41
:102D70000020FDF736FFE920FDF730FFAA20FDF720
:102D800030FF0020FDF72DFF0020FDF72AFF002077
:102D9000FDF727FF0020FDF721FFAA20FDF721FF07
:102DA000CF20FDF71BFF0020FDF71BFF0020FDF7E4
:102DB00018FF0020FDF715FF0020FDF712FF00208F
:102DC000FDF70FFF0020FDF70CFF0020FDF709FFC6
:102DD0000020FDF706FF0020FDF703FF0020FDF7B0
:102DE00000FF0020FDF7FDFE0020FDF7FAFE0020A9
:102DF000FDF7F7FE0020FDF7F4FE0020FDF7F1FEE1
:102E00000020FDF7EEFE0020FDF7EBFEF020FDF7C1
:102E1000E5FE0020FDF7E5FE5020FDF7E2FE002074
:102E2000FDF7DFFE0020FDF7DCFE0020FDF7D9FEF8
:102E3000F320FDF7D3FE0020FDF7D3FEF920FDF7C8
:102E4000CDFE0620FDF7CDFE1020FDF7CAFE29209D
:102E5000FDF7C7FE0020FDF7C4FE3A20FDF7BEFED9
:102E60005520FDF7BEFE1120FDF7B8FE642002F0EC
:102E70007CFC2920FDF7B2FE3520FDF7AFFE0020D7
:102E8000FDF7AFFE5120FDF7A9FEFF20FDF7A9FEDB
:102E90005320FDF7A3FE2C20FDF7A3FE5520FDF7E0
:102EA0009DFE8220FDF79DFE2C20FDF797FE02F08F
:102EB000E9B8FE48808845F2105188427ED15521FC
:102EC0004FF47040FDF799FEAA214FF20100FDF783
:102ED00094FE52214FF20200FDF78FFE08214FF2BF
:102EE0000300FDF78AFE01214FF20400FDF785FE85
:102EF0000D214FF43040FDF780FE0D214BF2010013
:102F0000FDF77BFE0D214BF20200FDF776FE34212A
:102F10004FF43640FDF771FE34214BF20160FDF7AE
:102F20006CFE34214BF20260FDF767FE0D214FF479
:102F30003140FDF762FE0D214BF20110FDF75DFE01
:102F40000D214BF20210FDF758FE34214FF43740AB
:102F5000FDF753FE34214BF20170FDF74EFE342194
:102F60004BF20270FDF749FE00214FF43240FDF7AD
:102F700044FE00214BF20120FDF73FFE00214BF201
:102F80000220FDF73AFE24214FF43840FDF735FECC
:102F900024214BF60100FDF730FE24214BF6020000
:102FA000FDF72BFE01214FF43F40FDF726FE0F21D8
:102FB0004FF43340FDF721FE0F2100E0FEE34BF21A
:102FC0000130FDF71AFE0F214BF20230FDF715FE1E
:102FD00034214FF43940FDF710FE34214BF6011037
:102FE000FDF70BFE34214BF60210FDF706FE08211B
:102FF0004FF43540FDF701FE08214BF20150FDF77B
:10300000FCFD08214BF20250FDF7F7FD03214FF4C0
:103010004240FDF7F2FD24214FF43A40FDF7EDFD6B
:1030200024214BF60120FDF7E8FD24214BF6022078
:10303000FDF7E3FD00214FF43C40FDF7DEFD782174
:103040004BF60140FDF7D9FD00214BF60240FDF79C
:10305000D4FD00214FF43D40FDF7CFFD78214BF624
:103060000150FDF7CAFD00214BF60250FDF7C5FDEA
:1030700000214FF43E40FDF7C0FD64214BF6016096
:10308000FDF7BBFD00214FF45140FDF7B6FD3321A4
:103090004DF20110FDF7B1FD00214DF20210FDF7D8
:1030A000ACFD34214DF20310FDF7A7FD00214DF2D8
:1030B0000410FDF7A2FD3A214DF20510FDF79DFD2C
:1030C00000214DF20610FDF798FD4A214DF2071040
:1030D000FDF793FD00214DF20810FDF78EFD5C21F8
:1030E0004DF20910FDF789FD00214DF20A10FDF7A0
:1030F00084FD81214DF20B10FDF77FFD00214DF283
:103100000C10FDF77AFDA6214DF20D10FDF775FDAF
:1031100000214DF20E10FDF770FDE5214DF20F106C
:10312000FDF76BFD01214DF21010FDF766FD132137
:103130004DF21110FDF761FD01214DF21210FDF766
:103140005CFD54214DF21310FDF757FD01214DF2A6
:103150001410FDF752FD82214DF21510FDF74DFDC3
:1031600001214DF21610FDF748FDCA214DF217104E
:10317000FDF743FD02214DF21810FDF73EFD002141
:103180004DF21910FDF739FD02214DF21A10FDF72D
:1031900034FD01214DF21B10FDF72FFD02214DF2F0
:1031A0001C10FDF72AFD34214DF21D10FDF725FD01
:1031B00002214DF21E10FDF720FD67214DF21F1078
:1031C000FDF71BFD02214DF22010FDF716FD8421B5
:1031D0004DF22110FDF711FD02214DF22210FDF7F5
:1031E0000CFDA4214DF22310FDF707FD02214DF245
:1031F0002410FDF702FDB7214DF22510FDF7FDFC6F
:1032000002214DF22610FDF7F8FCCF214DF22710D8
:10321000FDF7F3FC02214DF22810FDF7EEFCDE2154
:103220004DF22910FDF7E9FC02214DF22A10FDF7BD
:10323000E4FCF2214DF22B10FDF7DFFC02214DF2F0
:103240002C10FDF7DAFCFE214DF22D10FDF7D5FC18
:1032500003214DF22E10FDF7D0FC10214DF22F105E
:10326000FDF7CBFC03214DF23010FDF7C6FC3321F6
:103270004DF23110FDF7C1FC03214DF23210FDF784
:10328000BCFC6D214DF23310FDF7B7FC00214FF46B
:103290005240FDF7B2FC33214DF20120FDF7ADFCA9
:1032A00000214DF20220FDF7A8FC01E048000020BB
:1032B00034214DF20320FDF7A0FC00214DF2042043
:1032C000FDF79BFC3A214DF20520FDF796FC00210D
:1032D0004DF20620FDF791FC4A214DF20720FDF743
:1032E0008CFC00214DF20820FDF787FC5C214DF29B
:1032F0000920FDF782FC00214DF20A20FDF77DFC3C
:1033000081214DF20B20FDF778FC00214DF20C20BD
:10331000FDF773FCA6214DF20D20FDF76EFC002198
:103320004DF20E20FDF769FCE5214DF20F20FDF76F
:1033300064FC01214DF21020FDF75FFC13214DF2DA
:103340001120FDF75AFC01214DF21220FDF755FC2A
:1033500054214DF21320FDF750FC01214DF21420B1
:10336000FDF74BFC82214DF21520FDF746FC0121B3
:103370004DF21620FDF741FCCA214DF21720FDF752
:103380003CFC02214DF21820FDF737FC00214DF2E4
:103390001920FDF732FC02214DF21A20FDF72DFC19
:1033A00001214DF21B20FDF728FC02214DF21C20CB
:1033B000FDF723FC34214DF21D20FDF71EFC0221F8
:1033C0004DF21E20FDF719FC67214DF21F20FDF77D
:1033D00014FC02214DF22020FDF70FFC84214DF258
:1033E0002120FDF70AFC02214DF22220FDF705FC09
:1033F000A4214DF22320FDF700FC02214DF22420F0
:10340000FDF7FBFBB7214DF22520FDF7F6FB02216E
:103410004DF22620FDF7F1FBCF214DF22720FDF7DD
:10342000ECFB02214DF22820FDF7E7FBDE214DF2F7
:103430002920FDF7E2FB02214DF22A20FDF7DDFBFA
:10344000F2214DF22B20FDF7D8FB02214DF22C206A
:10345000FDF7D3FBFE214DF22D20FDF7CEFB03211E
:103460004DF22E20FDF7C9FB10214DF22F20FDF764
:10347000C4FB03214DF23020FDF7BFFB33214DF299
:103480003120FDF7BAFB03214DF23220FDF7B5FBE9
:103490006D214DF23320FDF7B0FB00214FF4534076
:1034A000FDF7ABFB33214DF20130FDF7A6FB002108
:1034B0004DF20230FDF7A1FB34214DF20330FDF750
:1034C0009CFB00214DF20430FDF797FB3A214DF2B1
:1034D0000530FDF792FB00214DF20630FDF78DFB24
:1034E0004A214DF20730FDF788FB00214DF20830EC
:1034F000FDF783FB5C214DF20930FDF77EFB0021D7
:103500004DF20A30FDF779FB81214DF20B30FDF7CA
:1035100074FB00214DF20C30FDF76FFBA6214DF23C
:103520000D30FDF76AFB00214DF20E30FDF765FB13
:10353000E5214DF20F30FDF760FB01214DF2103017
:10354000FDF75BFB13214DF21130FDF756FB012116
:103550004DF21230FDF751FB54214DF21330FDF7BF
:103560004CFB01214DF21430FDF747FB82214DF257
:103570001530FDF742FB01214DF21630FDF73DFB02
:10358000CA214DF21730FDF738FB02214DF21830F9
:10359000FDF733FB00214DF21930FDF72EFB022120
:1035A0004DF21A30FDF729FB01214DF21B30FDF7DA
:1035B00024FB02214DF21C30FDF71FFB34214DF29C
:1035C0001D30FDF71AFB02214DF21E30FDF715FBF1
:1035D00067214DF21F30FDF710FB02214DF2203024
:1035E000FDF70BFB84214DF22130FDF706FB022194
:1035F0004DF22230FDF701FBA4214DF22330FDF7FF
:10360000FCFA02214DF22430FDF7F7FAB7214DF212
:103610002530FDF7F2FA02214DF22630FDF7EDFAE2
:10362000CF214DF22730FDF7E8FA02214DF2283084
:10363000FDF7E3FADE214DF22930FDF7DEFA022133
:103640004DF22A30FDF7D9FAF2214DF22B30FDF779
:10365000D4FA02214DF22C30FDF7CFFAFE214DF2C3
:103660002D30FDF7CAFA03214DF22E30FDF7C5FAD1
:1036700010214DF22F30FDF7C0FA03214DF230300A
:10368000FDF7BBFA33214DF23130FDF7B6FA0321D5
:103690004DF23230FDF7B1FA6D214DF23330FDF7C6
:1036A000ACFA00214FF45440FDF7A7FA33214DF254
:1036B0000140FDF7A2FA00214DF20240FDF79DFA0C
:1036C00034214DF20340FDF798FA00214DF20440F9
:1036D000FDF793FA3A214DF20540FDF78EFA0021ED
:1036E0004DF20640FDF789FA4A214DF20740FDF7F9
:1036F00084FA00214DF20840FDF77FFA5C214DF27B
:103700000940FDF77AFA00214DF20A40FDF775FAFB
:1037100081214DF20B40FDF770FA00214DF20C4073
:10372000FDF76BFAA6214DF20D40FDF766FA002178
:103730004DF20E40FDF761FAE5214DF20F40FDF725
:103740005CFA01214DF21040FDF757FA13214DF2BA
:103750001140FDF752FA01214DF21240FDF74DFAEA
:1037600054214DF21340FDF748FA01214DF2144067
:10377000FDF743FA82214DF21540FDF73EFA012193
:103780004DF21640FDF739FACA214DF21740FDF708
:1037900034FA02214DF21840FDF72FFA00214DF2C4
:1037A0001940FDF72AFA02214DF21A40FDF725FAD9
:1037B00001214DF21B40FDF720FA00E004E3022155
:1037C0004DF21C40FDF719FA34214DF21D40FDF772
:1037D00014FA02214DF21E40FDF70FFA67214DF257
:1037E0001F40FDF70AFA02214DF22040FDF705FACD
:1037F00084214DF22140FDF700FA02214DF22240D2
:10380000FDF7FBF9A4214DF22340FDF7F6F9022163
:103810004DF22440FDF7F1F9B7214DF22540FDF7B7
:10382000ECF902214DF22640FDF7E7F9CF214DF2E8
:103830002740FDF7E2F902214DF22840FDF7DDF9BE
:10384000DE214DF22940FDF7D8F902214DF22A4040
:10385000FDF7D3F9F2214DF22B40FDF7CEF902210D
:103860004DF22C40FDF7C9F9FE214DF22D40FDF738
:10387000C4F903214DF22E40FDF7BFF910214DF29E
:103880002F40FDF7BAF903214DF23040FDF7B5F9AD
:1038900033214DF23140FDF7B0F903214DF23240B2
:1038A000FDF7ABF96D214DF23340FDF7A6F900218C
:1038B0004FF45540FDF7A1F933214DF20150FDF7CA
:1038C0009CF900214DF20250FDF797F934214DF299
:1038D0000350FDF792F900214DF20450FDF78DF9E8
:1038E0003A214DF20550FDF788F900214DF20650BE
:1038F000FDF783F94A214DF20750FDF77EF90021CB
:103900004DF20850FDF779F95C214DF20950FDF7B1
:1039100074F900214DF20A50FDF76FF981214DF243
:103920000B50FDF76AF900214DF20C50FDF765F9D7
:10393000A6214DF20D50FDF760F900214DF20E5019
:10394000FDF75BF9E5214DF20F50FDF756F9012126
:103950004DF21050FDF751F913214DF21150FDF7C2
:103960004CF901214DF21250FDF747F954214DF267
:103970001350FDF742F901214DF21450FDF73DF9C6
:1039800082214DF21550FDF738F901214DF2165004
:10399000FDF733F9CA214DF21750FDF72EF9022138
:1039A0004DF21850FDF729F900214DF21950FDF79D
:1039B00024F902214DF21A50FDF71FF901214DF2B1
:1039C0001B50FDF71AF902214DF21C50FDF715F9B5
:1039D00034214DF21D50FDF710F902214DF21E5019
:1039E000FDF70BF967214DF21F50FDF706F9022193
:1039F0004DF22050FDF701F984214DF22150FDF7E1
:103A0000FCF802214DF22250FDF7F7F8A4214DF207
:103A10002350FDF7F2F802214DF22450FDF7EDF8A6
:103A2000B7214DF22550FDF7E8F802214DF226505E
:103A3000FDF7E3F8CF214DF22750FDF7DEF8022124
:103A40004DF22850FDF7D9F8DE214DF22950FDF74F
:103A5000D4F802214DF22A50FDF7CFF8F2214DF2B1
:103A60002B50FDF7CAF802214DF22C50FDF7C5F896
:103A7000FE214DF22D50FDF7C0F803214DF22E50DE
:103A8000FDF7BBF810214DF22F50FDF7B6F80321DA
:103A90004DF23050FDF7B1F833214DF23150FDF7C2
:103AA000ACF803214DF23250FDF7A7F86D214DF22D
:103AB0003350FDF7A2F800214FF45640FDF79DF872
:103AC00033214DF20160FDF798F800214DF20260BC
:103AD000FDF793F834214DF20360FDF78EF80021D5
:103AE0004DF20460FDF789F83A214DF20560FDF7CB
:103AF00084F800214DF20660FDF77FF84A214DF26F
:103B00000760FDF77AF800214DF20860FDF775F8BF
:103B10005C214DF20960FDF770F800214DF20A605A
:103B2000FDF76BF881214DF20B60FDF766F800217F
:103B30004DF20C60FDF761F8A6214DF20D60FDF726
:103B40005CF800214DF20E60FDF757F8E5214DF2CB
:103B50000F60FDF752F801214DF21060FDF74DF8AE
:103B600013214DF21160FDF748F801214DF212606A
:103B7000FDF743F854214DF21360FDF73EF80121A3
:103B80004DF21460FDF739F882214DF21560FDF712
:103B900034F801214DF21660FDF72FF8CA214DF2DD
:103BA0001760FDF72AF802214DF21860FDF725F89D
:103BB00000214DF21960FDF720F802214DF21A6044
:103BC000FDF71BF801214DF21B60FDF716F80221ED
:103BD0004DF21C60FDF711F834214DF21D60FDF728
:103BE0000CF802214DF21E60FDF707F867214DF237
:103BF0001F60FDF702F802214DF22060FCF7FDFF87
:103C000084214DF22160FCF7F8FF02214DF2226081
:103C1000FCF7F3FFA4214DF22360FCF7EEFF022135
:103C20004DF22460FCF7E9FFB7214DF22560FCF767
:103C3000E4FF02214DF22660FCF7DFFFCF214DF2B9
:103C40002760FCF7DAFF02214DF22860FCF7D5FF70
:103C5000DE214DF22960FCF7D0FF02214DF22A60EF
:103C6000FCF7CBFFF2214DF22B60FCF7C6FF0221DF
:103C70004DF22C60FCF7C1FFFE214DF22D60FCF7E8
:103C8000BCFF03214DF22E60FCF7B7FF10214DF26F
:103C90002F60FCF7B2FF03214DF23060FCF7ADFF5F
:103CA00033214DF23160FCF7A8FF03214DF2326061
:103CB000FCF7A3FF6D214DF23360FCF79EFF552109
:103CC0004FF47040FCF799FFAA214FF20100FCF776
:103CD00094FF52214FF20200FCF78FFF08214FF2B0
:103CE0000300FCF78AFF00214FF20400FCF785FF78
:103CF000CC214FF43140FCF780FF00214BF2011042
:103D0000FCF77BFF05214FF43640FCF776FF70216E
:103D10004FF43740FCF771FF70214BF20170FCF754
:103D20006CFF01214FF43840FCF767FF03214BF68D
:103D30000100FCF762FF03214BF60200FCF75DFF78
:103D400003214BF60300FCF758FF02214FF43C40DF
:103D5000FCF753FF00214BF60140FCF74EFF00211A
:103D60004BF60240FCF749FFD0214FF44940FCF7E5
:103D700044FF02214CF60110FCF73FFF50214CF6A6
:103D80000210FCF73AFF50214CF60310FCF735FF08
:103D900050214CF60410FCF730FF00214FF4545032
:103DA000FCF72BFF55214FF46850FCF726FF4FF42A
:103DB0008850FCF713FF782001F0B3FC4FF4245037
:103DC000FCF70CFF01F05EB9FE48808849F225310E
:103DD00088427DD147F6F001E520FCF70EFF4FF455
:103DE00080710120FCF709FF4FF4E0610220FCF72D
:103DF00004FF41F230010320FCF7FFFE0021042004
:103E0000FCF7FBFE40F202210820FCF7F6FE002141
:103E10000920FCF7F2FE00210A20FCF7EEFE00214B
:103E20000C20FCF7EAFE00210D20FCF7E6FE002145
:103E30000F20FCF7E2FE00211020FCF7DEFE072138
:103E40001120FCF7DAFE00211220FCF7D6FE00213B
:103E50001320FCF7D2FE00210720FCF7CEFE41F232
:103E600090611020FCF7C9FE40F227211120FCF7D9
:103E7000C4FE9D211220FCF7C0FE4FF4C851132050
:103E8000FCF7BBFE25212920FCF7B7FE0D212B20D6
:103E9000FCF7B3FE07213020FCF7AFFE40F2033100
:103EA0003120FCF7AAFE03213220FCF7A6FE40F2E7
:103EB00006213520FCF7A1FE08213620FCF79DFEE7
:103EC00040F206413720FCF798FE4FF4417100E0C4
:103ED00058E03820FCF791FE07213920FCF78DFED1
:103EE00040F202613C20FCF788FE08213D20FCF7EF
:103EF00084FE00215020FCF780FEEF215120FCF7CA
:103F00007CFE00215220FCF778FE40F23F11532046
:103F1000FCF773FE4FF427416020FCF76EFE012191
:103F20006120FCF76AFE00216A20FCF766FE002192
:103F30008020FCF762FE00218120FCF75EFE00215C
:103F40008220FCF75AFE00218320FCF756FE002158
:103F50008420FCF752FE00218520FCF74EFE102144
:103F60009020FCF74AFE4FF4C0619220FCF745FE1A
:103F700040F233110720FCF740FE22210020FCF71D
:103F80003CFE1FE78F48808849F2283188427DD166
:103F900041F28F01EC20FCF730FE41F23421EF209A
:103FA000FCF72BFE4FF480710120FCF726FE4FF446
:103FB000E0610220FCF721FE41F230010320FCF712
:103FC0001CFE00210420FCF718FE40F2022108200C
:103FD000FCF713FE00210920FCF70FFE00210A2048
:103FE000FCF70BFE01210C20FCF707FE00210D2041
:103FF000FCF703FE00210F20FCF7FFFD002110203D
:10400000FCF7FBFD07211120FCF7F7FD0021122032
:10401000FCF7F3FD00211320FCF7EFFD0121072041
:10402000FCF7EBFD322001F0A0FB41F290411020A3
:10403000FCF7E3FD40F227211120FCF7DEFD3220E2
:1040400001F093FB8A211220FCF7D7FD322001F00A
:104050008CFB4FF4D0511320FCF7CFFD0621292013
:10406000FCF7CBFD0D212B20FCF7C7FD322001F022
:104070007CFB00212020FCF7C0FD00212120FCF763
:10408000BCFD322001F071FB002100E075E0302022
:10409000FCF7B3FD40F204613120FCF7AEFD40F2C5
:1040A00005313220FCF7A9FD00213520FCF7A5FDE4
:1040B00040F609413620FCF7A0FD4FF4017137208E
:1040C000FCF79BFD40F201313820FCF796FD40F2F1
:1040D00007713920FCF791FD00213C20FCF78DFD94
:1040E00040F60A213D20FCF788FD322001F03DFB1F
:1040F00000215020FCF781FDEF215120FCF77DFDD0
:1041000000215220FCF779FD40F23F115320FCF7CB
:1041100074FD4FF427416020FCF76FFD0121612001
:10412000FCF76BFD00216A20FCF767FD0021802071
:10413000FCF763FD00218120FCF75FFD0021822058
:10414000FCF75BFD00218320FCF757FD0021842054
:10415000FCF753FD00218520FCF74FFD1021902036
:10416000FCF74BFD4FF4C0619220FCF746FD40F296
:1041700033110720FCF741FD24E61248808849F2FC
:10418000203188427ED100210846FCF736FD4FF4ED
:1041900080710120FCF731FD4FF4E0610220FCF753
:1041A0002CFD41F230010320FCF727FD0021042003
:1041B000FCF723FD40F202210820FCF71EFD002140
:1041C000092001E048000020FCF717FD00210A202B
:1041D000FCF713FD01210C20FCF70FFD00210D2041
:1041E000FCF70BFD00210F20FCF707FD322001F04A
:1041F000BCFA40F201110720FCF7FFFC322001F06D
:10420000B4FA4FF486511020FCF7F7FC0721112077
:10421000FCF7F3FC4FF488711220FCF7EEFC4FF42E
:1042200030611320FCF7E9FC00212920FCF7E5FCB4
:1042300044F210012B20FCF7E0FC00215020FCF799
:10424000DCFCEF215120FCF7D8FC00215220FCF7C8
:10425000D4FC40F23F115320FCF7CFFC4FF41C512B
:104260006020FCF7CAFC01216120FCF7C6FC00219C
:104270006A20FCF7C2FC00218020FCF7BEFC002174
:10428000812000E030E0FCF7B8FC00218220FCF740
:10429000B4FC00218320FCF7B0FC00218420FCF753
:1042A000ACFC00218520FCF7A8FC10219020FCF735
:1042B000A4FC00219220FCF7A0FC01219320FCF734
:1042C0009CFC4FF488719520FCF797FC0021972007
:1042D000FCF793FC00219820FCF78FFC40F273114F
:1042E0000720FCF78AFC6DE5FE48808849F23131F1
:1042F00088427DD141F21401E720FCF77EFC4FF4A7
:1043000080710120FCF779FC4FF400710220FCF76A
:1043100074FC41F238010320FCF76FFC40F20221EB
:104320000820FCF76AFC00210920FCF766FC00214C
:104330000A20FCF762FC00210C20FCF75EFC002147
:104340000D20FCF75AFC00210F20FCF756FC002141
:104350001020FCF752FC07211120FCF74EFC002135
:104360001220FCF74AFC00211320FCF746FCC82071
:1043700001F0FBF941F290611020FCF73EFC40F2A5
:1043800027211120FCF739FC322001F0EEF90C2135
:104390001220FCF732FC322001F0E7F94FF4006103
:1043A0001320FCF72AFC11212920FCF726FC0B2105
:1043B0002B20FCF722FC322001F0D7F9002120202D
:1043C000FCF71BFC40F23F112120FCF716FC0021FA
:1043D0003020FCF712FC4FF483713120FCF70DFC08
:1043E00000213220FCF709FC4FF40171352000E078
:1043F00064E0FCF702FC41F20A613620FCF7FDFBA9
:1044000040F207713720FCF7F8FB4FF48371382036
:10441000FCF7F3FB40F207713920FCF7EEFB40F2AA
:1044200002413C20FCF7E9FB40F60F413D20FCF740
:10443000E4FB00215020FCF7E0FBEF215120FCF7CA
:10444000DCFB00215220FCF7D8FB40F23F11532047
:10445000FCF7D3FB4FF41C516020FCF7CEFB01218D
:104460006120FCF7CAFB00216A20FCF7C6FB002193
:104470008020FCF7C2FB00218120FCF7BEFB00215D
:104480008220FCF7BAFB00218320FCF7B6FB002159
:104490008420FCF7B2FB00218520FCF7AEFB102145
:1044A0009020FCF7AAFB4FF4C0619220FCF7A5FB1B
:1044B00040F233110720FCF7A0FB83E48948808891
:1044C00045F2084188427DD14FF480710120FCF70C
:1044D00094FB4FF4E0610220FCF78FFB41F23001C6
:1044E0000320FCF78AFB00210420FCF786FB40F246
:1044F00007210820FCF781FB00210920FCF77DFB48
:1045000000210A20FCF779FB00210C20FCF775FB49
:1045100000210D20FCF771FB00210F20FCF76DFB43
:10452000142001F022F941F2B0611020FCF765FB84
:1045300001211120FCF761FB01211720FCF75DFB35
:104540004FF49C711220FCF758FB4FF400611320CC
:10455000FCF753FB09212920FCF74FFB09212A20F6
:10456000FCF74BFB0021A420FCF747FB0021502067
:10457000FCF743FBEF215120FCF73FFB00215220C9
:10458000FCF73BFB40F23F115320FCF736FB4FF4A6
:104590001C516020FCF731FB01216120FCF72DFB51
:1045A00000216A20FCF729FB00218020FCF725FB75
:1045B00000218120FCF721FB00218220FCF71DFB5C
:1045C000002100E024E08320FCF717FB0021842079
:1045D000FCF713FB00218520FCF70FFB1321902033
:1045E000FCF70BFB00219220FCF707FB0321932033
:1045F000FCF703FB4FF488719520FCF7FEFA40F2BC
:1046000073110720FCF7F9FA322001F0AEF8B8E494
:104610003448808841F2055188427DD1002107202D
:10462000FCF7EBFA322001F0A0F84FF48E71122063
:10463000FCF7E3FA0121A420FCF7DFFA0F210820A0
:10464000FCF7DBFA08210A20FCF7D7FA08210D2035
:10465000FCF7D3FA40F207713020FCF7CEFA0721BD
:104660003120FCF7CAFA40F203613220FCF7C5FAA8
:104670004FF4E0613320FCF7C0FA40F2022134200D
:10468000FCF7BBFA02213520FCF7B7FA41F60F71AF
:104690003620FCF7B2FA40F207713720FCF7ADFA8A
:1046A00000213820FCF7A9FA00213920FCF7A5FAEF
:1046B00040F207713A20FCF7A0FA00213B20FCF7FA
:1046C0009CFA07213C20FCF798FA00213D20FCF7DA
:1046D00094FA322001F049F801210720FCF78DFA05
:1046E000012101E0480000201720FCF786FA322063
:1046F00001F03BF84FF4BD511020FCF77EFA40F278
:1047000017211120FCF779FA4FF48F711220FCF772
:1047100074FA4FF4706100E098E01320FCF76DFA32
:1047200000212A20FCF769FA0A212920FCF765FA02
:104730004FF49F711220FCF760FA00215020FCF723
:104740005CFAEF215120FCF758FA00215220FCF7C7
:1047500054FA40F23F115320FCF74FFA4FF41C512A
:104760006020FCF74AFA01216120FCF746FA00219B
:104770006A20FCF742FA00218020FCF73EFA002173
:104780008120FCF73AFA00218220FCF736FA00215A
:104790008320FCF732FA00218420FCF72EFA002156
:1047A0008520FCF72AFA13219020FCF726FA4FF413
:1047B00040719220FCF721FA05219320FCF71DFAA5
:1047C00000219520FCF719FA00219720FCF715FA33
:1047D00000219820FCF711FA4FF480710120FCF7BA
:1047E0000CFA4FF4E0610220FCF707FA41F23801BD
:1047F0000320FCF702FA00210420FCF7FEF9002157
:104800000C20FCF7FAF900210F20FCF7F6F9002143
:104810002020FCF7F2F900212120FCF7EEF92121FC
:104820000720FCF7EAF9142000F09FFF6121072020
:10483000FCF7E3F9142000F098FF40F27311072011
:10484000FCF7DBF9142000F090FF95E4FE48808827
:104850004BF2055188427CD100210846FCF7CDF986
:1048600000210846FCF7C9F900210846FCF7C5F904
:1048700000210846FCF7C1F90121A420FCF7BDF98D
:10488000142000F072FF4FF41C516020FCF7B5F9C2
:1048900040F202210820FCF7B0F94FF405713020F6
:1048A000FCF7ABF943F215713120FCF7A6F940F2A1
:1048B00004613220FCF7A1F940F616613320FCF7C1
:1048C0009CF942F211213420FCF797F94FF4A851DA
:1048D0003520FCF792F948F207513620FCF78DF9A4
:1048E00041F207413720FCF788F941F203413820B3
:1048F000FCF783F920213920FCF77FF91A21902059
:10490000FCF77BF900211020FCF777F90721112033
:10491000FCF773F900211220FCF76FF90021132036
:10492000FCF76BF9142000F020FF4FF4E661102033
:10493000FCF763F940F237111120FCF75EF91420FF
:1049400000F013FF4FF4DC711220FCF756F914202D
:1049500000E085E000F009FF4FF470611320FCF7E0
:104960004CF980212A20FCF748F948212920FCF73E
:1049700044F9142000F0F9FE4FF480710120FCF797
:104980003CF94FF4E0610220FCF737F941F23801BD
:104990000320FCF732F940F202210820FCF72DF940
:1049A00000210A20FCF729F900210C20FCF725F949
:1049B00000210D20FCF721F930210E20FCF71DF914
:1049C00000215020FCF719F9EF215120FCF715F9CF
:1049D00000215220FCF711F940F23F115320FCF75F
:1049E0000CF94FF41C516020FCF707F901216120FC
:1049F000FCF703F900216A20FCF7FFF81121902051
:104A0000FCF7FBF84FF4C0619220FCF7F6F840F297
:104A100002419320FCF7F1F802219420FCF7EDF815
:104A2000142000F0A2FE01210720FCF7E6F8142074
:104A300000F09BFE61210720FCF7DFF840F27311C4
:104A40000720FCF7DAF800212020FCF7D6F8002137
:104A50002120FCF7D2F822210020FCF7CEF811E348
:104A6000794880884CF2055188427CD10021084663
:104A7000FCF7C3F800210846FCF7BFF8142000F04B
:104A800074FE00210846FCF7B8F800210846FCF740
:104A9000B4F800210846FCF7B0F800210846FCF7FE
:104AA000ACF80121A420FCF7A8F8142000F05DFE6A
:104AB0004FF41C516020FCF7A0F840F606010820D6
:104AC000FCF79BF840F203713020FCF796F80121C7
:104AD0003120FCF792F804213220FCF78EF84FF4D5
:104AE00081713320FCF789F84FF440713420FCF7D2
:104AF00084F840F203113520FCF77FF81F2136209F
:104B0000FCF77BF840F203713720FCF776F80121BF
:104B10003820FCF772F804213920FCF76EF81521D3
:104B20009020FCF76AF84FF482611020FCF765F8DA
:104B300040F247211120FCF760F84FF4DE7112209B
:104B4000FCF75BF84FF460611320FCF756F878200F
:104B500000F00BFE4FF480710120FCF74EF84FF48B
:104B60000071022000E052E0FCF747F841F230010A
:104B70000320FCF742F808210A20FCF73EF8002148
:104B80000C20FCF73AF820210E20FCF736F8002123
:104B90000F20FCF732F800212020FCF72EF800212E
:104BA0002120FCF72AF83D212A20FCF726F81420C2
:104BB00000F0DBFD2D212920FCF71FF800215020FB
:104BC000FCF71BF84DF2EF015120FCF716F800211D
:104BD0005220FCF712F840F23F115320FCF70DF879
:104BE00000216120FCF709F800216A20FCF705F894
:104BF0004FF440719220FCF700F805219320FBF759
:104C0000FCFF4FF480710720FBF7F7FF3AE20E48F4
:104C1000808844F2315188427ED101210020FBF787
:104C2000ECFF0A2000F0A1FD41F228611020FBF703
:104C3000E4FF0E211220FBF7E0FF40F6392113209C
:104C4000FBF7DBFF0A2001E04800002000F08DFDAB
:104C500040211120FBF7D1FF50211520FBF7CDFF9C
:104C60000A2000F082FD1E211220FBF7C6FF0A2059
:104C700000F07BFD4FF4B1511020FBF7BEFF42F670
:104C800039211320FBF7B9FF0A2000F06EFD4FF425
:104C900080710120FBF7B1FF4FF440710220FBF758
:104CA000ACFF41F238010320FBF7A7FF40F20221DD
:104CB0000820FBF7A2FF08210A20FBF79EFF002136
:104CC0003020FBF79AFF40F202413120FBF795FFBD
:104CD0004FF483713220FBF790FF40F203513320F1
:104CE000FBF78BFF4FF482713420FBF786FF40F215
:104CF00001313520FBF781FF40F207713620FBF7C9
:104D00007CFF40F205313720FBF777FF4FF402714B
:104D10003820FBF772FF00E03EE040F60B713920CF
:104D2000FBF76BFF02214120FBF767FF4FF41C519B
:104D30006020FBF762FF01216120FBF75EFF4FF46B
:104D400004719020FBF759FF4FF485719220FBF717
:104D500054FF04219320FBF750FF4FF48071A020F3
:104D6000FBF74BFF01210720FBF747FF212107201D
:104D7000FBF743FF23210720FBF73FFF33210720E9
:104D8000FBF73BFF40F233110720FBF736FF002112
:104D9000A020FBF732FF75E1F748808844F23551D7
:104DA00088427CD130211520FBF727FF10219A2063
:104DB000FBF723FF20211120FBF71FFF43F22841BF
:104DC0001020FBF71AFF02211220FBF716FF41F219
:104DD00038011320FBF711FF282000F0C6FC122138
:104DE0000846FBF70AFF282000F0BFFC43F22041F1
:104DF0001020FBF702FF43F238011320FBF7FDFE02
:104E0000462000F0B2FC00213020FBF7F6FE40F215
:104E100002413120FBF7F1FE40F207313220FBF76F
:104E2000ECFE4FF441713320FBF7E7FE0421342000
:104E3000FBF7E3FE40F201413520FBF7DEFE40F2D6
:104E400007713620FBF7D9FE40F205313720FBF71A
:104E5000D4FE4FF4C2613820FBF7CFFE4FF4C2619D
:104E60003920FBF7CAFE4FF480710120FBF7C5FE25
:104E70004FF440710220FBF7C0FE41F230010320E5
:104E8000FBF7BBFE40F608010820FBF7B6FE082141
:104E90000A20FBF7B2FE4FF41C51602000E033E023
:104EA000FBF7ABFE01216120FBF7A7FE4FF49F71DA
:104EB0009020FBF7A2FE4FF480719220FBF79DFE3D
:104EC0004FF480719320FBF798FE4FF44051A020DF
:104ED000FBF793FE1021A320FBF78FFE0121072093
:104EE000FBF78BFE21210720FBF787FE23210720FC
:104EF000FBF783FE33210720FBF77FFE40F23311DF
:104F00000720FBF77AFEBDE09B48808841F66311DD
:104F10008842F8D1E220FBF761FE1D20FBF761FE1D
:104F20000220FBF75EFE0420FBF75BFE642000F02E
:104F3000F8FBE020FBF752FE0120FBF752FE0A20AF
:104F400000F013FCE020FBF749FE0320FBF749FECD
:104F50000C2000F00AFC0120FBF740FE0A2000F0C4
:104F600004FCE620FBF73AFE2F20FBF73AFEFF2079
:104F7000FBF737FEFF20FBF734FEB020FBF72EFED9
:104F80002020FBF72EFE0020FBF72BFE0320FBF773
:104F900028FE40F21F30FBF724FE0120FBF721FE24
:104FA00040F2DF10FBF71DFE0020FBF71AFEB420D5
:104FB000FBF714FE0420FBF714FE40F21F40FBF742
:104FC00010FE0020FBF70DFE2E20FBF70AFE00204E
:104FD000FBF707FE0020FBF704FE0020FBF701FEB5
:104FE0000020FBF7FEFDB620FBF7F8FD0220FBF7E3
:104FF000F8FD4FF40370FBF7F4FD0020FBF7F1FD23
:105000001720FBF7EEFD1520FBF7EBFD0020FBF76B
:10501000E8FD0020FBF7E5FDF020FBF7DFFD0320B6
:10502000FBF7DFFD2920FBF7D9FDD020FBF7D6FDEC
:105030000020FBF7D6FDBE20FBF7D0FD0520FBF7D7
:10504000D0FDFE20FBF7CDFD0120FBF7CAFD0020BF
:10505000FBF7C7FD0020FBF7C4FD0020FBF7C1FDF7
:10506000B820FBF7BBFD0320FBF7BBFD0120FBF7DE
:10507000B8FDBA20FBF7B2FD0120FBF7B2FD6420BA
:10508000FCF70FFA0020FCF734FA01203B490860D6
:105090004FF6FF70FCF719FC1FB000BD2DE9FC4F67
:1050A00005460E4617469846DDF82C9000200190E4
:1050B0003148808846F60401884229D12E488079FB
:1050C000012825D1AB4635462B480088C01B401E21
:1050D00086B2474628480088A0EB0B00401E1FFA06
:1050E00080F80020244988712A2048812B2088815B
:1050F00043463A4631462846CDF80090FFF7CEFFAA
:1051000001201D4988712B2048812A2088811CE0BC
:10511000781B401C80B20190344614E0214628469A
:10512000FBF798FDFBF779FD4FF0000A06E0144805
:10513000A0F800900AF101001FFA80FA0198824558
:10514000F5DB601C84B24445E8DDBDE8FC8F2DE949
:10515000F84F07460D4690469946DDF828B0A8EB73
:105160000700401C1FFA80FAA9EB0500401C80B222
:10517000009000241BE000004800002080812142B4
:105180000008006C281981B23846FBF763FDFBF775
:1051900044FD002607E004FB0A603BF81000F849D4
:1051A0000880701C86B25645F5DB601C84B20098FE
:1051B0008442E7DBBDE8F88F2DE9FF4F84B08146DC
:1051C0008A460020039002900698A0EB09050798F4
:1051D000A0EB0A06CDF80490CDF800A0002D01DD6B
:1051E000012705E00DB9002702E04FF0FF376D42BF
:1051F000002E02DD4FF0010806E016B94FF000085E
:1052000002E04FF0FF387642B54201DD2C4600E067
:1052100034464FF0000B21E0009A91B2019A90B20F
:10522000FCF771F8039828440390029830440290E8
:105230000398A04205DD0398001B039001983844B1
:1052400001900298A04205DD0298001B0290009890
:10525000404400900BF101001FFA80FB601C834565
:10526000DADD08B0BDE8F08FF0B504460D4616460D
:105270001F462B46324629462046FFF79DFF3B46F8
:10528000224629462046FFF797FF3B4632463946DD
:105290002046FFF791FF3B46324629463046FFF74E
:1052A0008BFFF0BD2DE9F04306460F4690460024E3
:1052B00045460320A0EB48093CE07A1B91B2321925
:1052C00090B2FCF720F83A1B91B2721990B2FCF739
:1052D0001AF83A1991B2721990B2FCF714F87A19C7
:1052E00091B2321990B2FCF70EF87A1991B2321BD2
:1052F00090B2FCF708F83A1991B2721B90B2FCF721
:1053000002F87A1B91B2321B90B2FBF7FCFF3A1BFA
:1053100091B2721B90B2FBF7F6FF641CB9F1000F5B
:1053200003DAA000801D814404E0601B80000A3085
:1053300081446D1EAC42C0DDBDE8F0832DE9F84F1D
:1053400080460E4617461C46B3462046E31704EB3C
:105350005373DB1021464FEAE47C04EB5C7C4FEA9C
:10536000EC0CA4EBCC0CBCF1000F02D04FF0010C04
:1053700001E04FF0000C6344224604EBD27C4FEA7C
:105380006C0C03FB0CF3DBB20093A7F12000C7B257
:10539000002556E00C2C07D107EB4700794901EBBB
:1053A000800010F8059013E0102C05D1764800EB32
:1053B000071010F805900BE0182C07D107EBC70079
:1053C000724901EB800010F8059001E0BDE8F88F0C
:1053D0004FF0000A2FE009F0800030B16C480288DD
:1053E00031464046FBF79DFF07E00A9828B9694817
:1053F000028831464046FBF794FF4FEA49604FEA86
:105400001069701C86B264484088B04200DCDDE759
:10541000A6EB0B00A0420AD15E4608F101001FFA7C
:1054200080F85D480088404500DCCFE706E00AF1DF
:10543000010000F0FF0ABAF1080FCCDB00BF681CC6
:10544000C5B200988542A5DB00BFBFE710B5024694
:10545000012000E050430B1EA1F10104E1B2F9D19B
:1054600010BD2DE9FF4F81B0074691461E460E9DA7
:105470004FF0000A002439E0301B401EC1B20A2060
:10548000FFF7E4FFB9FBF0F00A21B0FBF1F201FBFA
:105490001208BAF1000F16D1701EA04213DDB8F148
:1054A000000F0ED10020AB4605EBDB71491001FB6C
:1054B0000471009088B22B4620220299FFF73EFF2C
:1054C00012E04FF0010A0020AB4605EBDB714910FA
:1054D00001FB0471009088B208F13001CAB22B467A
:1054E0000299FFF72BFF00BF601CC4B2B442C3DBBC
:1054F00005B0BDE8F08F2DE9FF4F82B00646924619
:105500001F46DDE90F480020019000255CE0781B74
:10551000401EC1B20A20FFF799FFBAFBF0F00A2142
:10552000B0FBF1F201FB1209019840BB781EA842C2
:1055300036DDB9F1000F31D108F0800078B108F004
:105540000100A34604EBDB71491001FB05610090EB
:1055500088B2234630220399FFF7F0FE0EE008F0F0
:105560000100A34604EBDB71491001FB05610090CB
:1055700088B2234620220399FFF7E0FE22E00FE0E5
:105580000008006C34870008A88B00089891000878
:10559000220000202400002048000020012001906B
:1055A00008F00100A34604EBDB71491001FB056123
:1055B000009088B209F13001CAB223460399FFF77F
:1055C000BDFE00BF681CC5B2BD42A0DB06B0BDE891
:1055D000F08F2DE9F84704460D4690469946DDE9DF
:1055E000096704F0FF0A08EB04001FFA80F809EBD2
:1055F00005001FFA80F916E0444502DB5446A8195D
:1056000085B24D4500DB14E0002000903A78334627
:1056100029462046FFF792FE304606EBD07104EB98
:1056200061018CB27F1C38787E2802DC3878202813
:10563000E2DA00BFBDE8F8877FB505460C460121D8
:10564000022001F01CF8ADF80850ADF8044000202D
:10565000ADF80A00ADF8060001A9244801F03EFBB0
:1056600001221146214801F0B0FE1D208DF80000F6
:1056700000208DF8010003208DF8020001208DF834
:105680000300684600F063F90121184801F082FE2A
:105690007FBD7FB505460C460121084600F0EFFFAF
:1056A000ADF80850ADF804400020ADF80A00ADF8A0
:1056B000060001A94FF0804001F010FB01221146C5
:1056C000900701F082FE1C208DF8000002208DF86A
:1056D000010001208DF802008DF80300684600F0FB
:1056E00036F90121880701F055FE7FBD0004004016
:1056F00010B56FF0040000F074F92E4800682E49D0
:10570000B0FBF1F02D4908700846007800EB40012D
:10571000C1EBC0104FF6FF7101EAC00028490880B4
:1057200010BD0146254A12784A434FF0E0235A61E2
:1057300000229A611A46126942F001021A6100BF02
:105740004FF0E022106900F001021AB100F480323B
:10575000002AF5D04FF0E022126922F001024FF04A
:10576000E0231A6100229A6170470146144A1288A8
:105770004A434FF0E0235A6100229A611A461269A7
:1057800042F001021A6100BF4FF0E022106900F000
:1057900001021AB100F48032002AF5D04FF0E02265
:1057A000126922F001024FF0E0231A6100229A618F
:1057B000704700000C00002000127A002600002034
:1057C00028000020014600BF704700BF494A1288E8
:1057D00002F04002002AF9D0C2B2464B1B1D1A80CB
:1057E000704710B586B00446012144F2040000F071
:1057F00039FF4FF40070ADF8140003208DF8160047
:1058000018208DF8170005A93B4800F06FFC4FF4F5
:105810008060ADF8140004208DF8170005A9364803
:1058200000F064FC25208DF8000003208DF80100B5
:105830008DF8020001208DF80300684600F087F81B
:1058400001940020ADF80800ADF80A00ADF80C0096
:10585000ADF810000C20ADF80E0001A9254800F0AD
:10586000A8FF012240F22551224801F03AF8012117
:10587000204801F02AF806B010BD10B540F22551BD
:105880001C4801F013F910B31A4801F08FF8C4B2A4
:105890001A48008800F40040C8B91848008800F48D
:1058A000804060B10A2C03D000201449088020E019
:1058B0001248008840F400401049088019E00D2C7F
:1058C00006D10E48008840F480400C49088010E062
:1058D0000A480088C0F30D0009490C5407480088A5
:1058E000401C0649088008460088C72801DD0020C2
:1058F000088010BD00380140000801403000002041
:10590000560000200948804709480047FEE7FEE7A7
:10591000FEE7FEE7FEE7FEE7FEE7FEE7FEE7FEE75F
:1059200004480549054A064B7047000093090008E2
:105930003101000880010020800700208003002042
:105940008003002031490143314A1160704770B52E
:10595000002100230F22C47804B32D4C246804F4E2
:10596000E064C4F5E064210AC1F10403CA4044784C
:1059700004FA03F18478144021430901254C067888
:10598000A155047804F01F050124AC4005786D1181
:10599000AD0005F1E025C5F8004109E0047804F008
:1059A0001F050124AC401C4D0678761145F82640B1
:1059B00070BD1A4A0A400243154B1B1F1A607047FC
:1059C00039B1134A121D12680243114B1B1D1A6094
:1059D00006E00F4A121D126882430D4B1B1D1A6010
:1059E0007047042808D14FF0E021096941F0040113
:1059F0004FF0E022116107E04FF0E021096921F04A
:105A000004014FF0E0221161704700000000FA0528
:105A10000CED00E000E400E080E100E080FFFF1F0B
:105A200030B943F2DB028100A1F1C0410A6005E018
:105A300043F2D2028100A1F1C0410A606FF07042CE
:105A4000411C8900A1F1C0410A608100A1F1C0415F
:105A5000C1F80421704710280AD118214FF02042C4
:105A60001166402151664FF0FC319166D16610E01D
:105A70001821F74A116040214FF02042C2F88410EB
:105A80004FF0FC31F24A083211604FF02042C2F868
:105A90008C1070471820EE4920310860002009065C
:105AA000C1F8A4004FF0FC30E94928310860091D15
:105AB0000860091D08607047D0E901121143C268EF
:105AC0001143026911434269114382691143C2695A
:105AD0001143026A1143426A1143826A1143C26A46
:105AE0001143026B114302689200A2F1C04211609F
:105AF000816808290BD101688900A1F1C0410968BA
:105B000041F0400201688900A1F1C0410A60416B87
:105B10000968426B526841EA0211426B926841EA9D
:105B20000221426B928941EA0241426B128A41EAA8
:105B30000251426B127D41EA0261426B926911434C
:105B40000268521C9200A2F1C0421160C16AB1F514
:105B5000804F1BD1816B0968826B526841EA021148
:105B6000826B926841EA0221826B128A41EA0251F9
:105B7000826B127D41EA0261826B92691143026875
:105B80009200A2F1C042C2F8041107E06FF0704227
:105B900001688900A1F1C041C1F80421704730B506
:105BA000002100220023446844F0080485682C4347
:105BB000C5682C4305692C43456944EA4524856939
:105BC00044EA4531C4692468C5696D6844EA05241E
:105BD000C5692D8944EA0544C5692D7B44EA0562FF
:105BE000046A2468056A6D6844EA0524056A2D89FB
:105BF00044EA0544056A2D7B44EA05630468102CD9
:105C000005D14FF020442166A266E36608E0904C7F
:105C100021604FF02044C4F888208D4C0C34236060
:105C200030BD016841F01001426841EA42218268BA
:105C300041EA4231864A20321160C1680968C2686F
:105C4000526841EA0221C268128941EA0241C268EF
:105C5000127B41EA02617E4A2832116001690968BB
:105C60000269526841EA02210269128941EA02414D
:105C70000269127B41EA0261754A2C321160416966
:105C800009684269526841EA02214269128941EA7F
:105C900002414269127B41EA02614FF02042C2F8A0
:105CA000B010704700210160022141600021816035
:105CB000C160016141618161C16101624FF4805144
:105CC0004162490081620021C16201630F21426B80
:105CD0001160426B5160FF21426B91600F21426B5A
:105CE000D160426B1161426B51610021426B916145
:105CF0000F21826B1160826B5160FF21826B91607A
:105D00000F21826BD160826B1161826B5161002126
:105D1000826B9161704710210160002141608160B8
:105D2000C160016141618161FC21C2691160C26988
:105D30005160C2699160C269D160026A1160026AF1
:105D40005160026A9160026AD1607047002101606F
:105D500041608160FC21C2681160C2685160C26804
:105D60009160C268D1600269116002695160026984
:105D700091600269D1604269116042695160426973
:105D800091604269D160704751B18200A2F1C04276
:105D9000126842F001038200A2F1C042136009E0E0
:105DA0008200A2F1C04212682A4B1A408300A3F17C
:105DB000C0431A60704799B1102808D14FF02042B3
:105DC000126E42F004024FF020431A661DE0204A92
:105DD000126842F004024FF02043C3F8802014E020
:105DE000102809D14FF02042126E1A4BDB1E1A40C8
:105DF0004FF020431A6608E0154A1268154BDB1E67
:105E00001A404FF02043C3F88020704748B1104932
:105E10002031096841F004014FF02042C2F8A0107F
:105E200009E00B49203109680A4AD21E11404FF09F
:105E30002042C2F8A0107047B9B110280CD14FF021
:105E40002042126E42F040024FF020431A661FE0DB
:105E5000800000A0FEFF0F00724A126842F040026C
:105E60004FF02043C3F8802012E0102808D14FF0F3
:105E70002042126E6C4B1A404FF020431A6607E026
:105E8000684A1268684B1A404FF02043C3F88020DC
:105E9000704701460020102903D14FF02042506F77
:105EA00002E0604A14321068704710B5F2B1102851
:105EB00007D14FF020435B6E0B434FF020446366E5
:105EC00032E0B0F5807F08D1564B1B1D1B680B4399
:105ED0004FF02044C4F8843026E0524B24331B6832
:105EE0000B434FF02044C4F8A4301DE0102807D124
:105EF0004FF020435B6E8B434FF02044636613E00A
:105F0000B0F5807F08D1474B1B1D1B688B434FF0BA
:105F10002044C4F8843007E0424B24331B688B4391
:105F20004FF02044C4F8A43010BD10B50246002044
:105F30000023102A03D14FF02044636E09E0B2F52C
:105F4000807F03D1374C241D236802E0354C243474
:105F5000236803EA01040CB1012000E0002010BD19
:105F6000102807D14FF02042526E8A434FF0204351
:105F70005A6613E0B0F5807F08D12A4A121D1268D4
:105F80008A434FF02043C3F8842007E0254A243297
:105F900012688A434FF02043C3F8A420704770B5BD
:105FA00002460020002300240025102A03D14FF0D0
:105FB0002046736E09E0B2F5807F03D1194E361D7D
:105FC000336802E0174E2436336803EA010403EA1B
:105FD000D10514B10DB1012000E0002070BD1028E2
:105FE00008D14FF02042526E22EAD1024FF02043F6
:105FF0005A6615E0B0F5807F09D10A4A121D126871
:1060000022EAD1024FF02043C3F8842008E0054A79
:106010002432126822EAD1024FF02043C3F8A420B0
:1060200070470000800000A0BFFF0F0010B50446BD
:10603000CC48844208D10121042000F02DFB00212E
:10604000042000F029FB46E0C748844208D1012122
:10605000082000F021FB0021082000F01DFB3AE0A1
:10606000C248844208D10121102000F015FB002114
:10607000102000F011FB2EE0BD48844208D1012120
:10608000202000F009FB0021202000F005FB22E089
:10609000B848844208D10121402000F0FDFA0021D7
:1060A000402000F0F9FA16E0B348844208D10121FB
:1060B000802000F0F1FA0021802000F0EDFA0AE0E3
:1060C000AE48844207D10121801500F0E5FA002195
:1060D000A01500F0E1FA10BD10B50121084600F04E
:1060E000DBFA0021012000F0D7FA10BD2DE9F041C4
:1060F000024600250026002000230024002791F8F6
:1061000003C00CF00F0591F803C00CF0100CBCF1AB
:10611000000F03D091F802C04CEA050591F800C0C9
:10612000BCF1000F31D0146800202BE04FF0010CBF
:106130000CFA00F3B1F800C00CEA03069E4220D12D
:1061400083004FF00F0C0CFA03F7BC4305FA03FC75
:106150004CEA040491F803C0BCF1280F06D14FF0BB
:10616000010C0CFA00FCC2F814C00AE091F803C05C
:10617000BCF1480F05D14FF0010C0CFA00FCC2F83D
:1061800010C0401C0828D1D31460B1F800C0BCF185
:10619000FF0F34DD546800202EE000F1080C4FF0B2
:1061A000010808FA0CF3B1F800C00CEA03069E429D
:1061B00021D183004FF00F0C0CFA03F7BC4305FA12
:1061C00003FC4CEA040491F803C0BCF1280F05D18C
:1061D00000F1080C08FA0CF8C2F8148091F803C01A
:1061E000BCF1480F07D100F1080C4FF0010808FA84
:1061F0000CF8C2F81080401C0828CED35460BDE8CB
:10620000F0814FF6FF710180022181700421C1707D
:1062100070470246002093680B400BB1012000E05C
:10622000002070470146886880B27047024600200F
:10623000D3680B400BB1012000E0002070470146FD
:10624000C86880B2704701617047416170470AB108
:10625000016100E041617047C16070474FF48032D6
:106260000A43826181618261826982697047024664
:106270000020434B18684FF68073184040EA021024
:1062800008433F4B186070473E49C8617047F0B5FE
:106290000A46002300240021002500F00046B6F144
:1062A000004F02D1364EF16901E0354E7168C0F3FE
:1062B000034583B200F44016B6F5401F08D121F023
:1062C00070612F4E766826F070662D4F7E6012E06A
:1062D00000F48016B6F5801F06D1032606FA05F4F1
:1062E000A14341F0706106E0460D360103FA06F65F
:1062F000B14341F0706122B1460D360103FA06F652
:10630000314300F00046B6F1004F02D11C4EF1615E
:1063100001E01B4E7160F0BD30B500228B071C0FF1
:106320000F2303FA04F2164B08338C1053F8243071
:106330009343134C08348D1044F8253023468C10B9
:1063400053F824308C07240F00FA04F423430C4C38
:1063500008348D1044F8253030BD0A49DC3108601E
:106360007047000000080140000C0140001001408F
:106370000014014000180140001C014000200140B1
:106380000000014000002042DF48006840F00100AA
:10639000DD49086008464068DC490840DA49486041
:1063A00008460068DA490840D7490860084600688E
:1063B00020F4802008600846406820F4FE00486011
:1063C0004FF41F0088607047CF49096821F480317D
:1063D000CD4A11601146096821F480211160B0F5A1
:1063E000803F03D0B0F5802F0ED106E0C649096882
:1063F00041F48031C44A116007E0C349096841F49F
:10640000A021C14A116000E000BF00BF704710B575
:1064100001460022002300204A11012A02D1BA4C71
:10642000236806E0022A02D1B74C236A01E0B64C89
:10643000636A01F01F02012494401C400CB101204A
:1064400000E0002010BD38B5002000900024002599
:1064500000BF3120FFF7DBFF05460098401C00908D
:106460000098B0F5A06F01D0002DF2D03120FFF7D9
:10647000CEFF08B1012400E00024204638BD0146CB
:106480000020A14A106820F0F80040EAC100106026
:106490007047A04908607047024600209A4B586830
:1064A00020F47C1042EA01031843974B5860704770
:1064B00098490866704701460020934A506820F0CA
:1064C00003000843506070478F48406800F00C009C
:1064D0007047014600208C4A506820F0F0000843C5
:1064E0005060704701460020874A506820F4E06001
:1064F00008435060704701460020834A506820F4EA
:10650000605040EAC1005060704729B17E4A527A1B
:1065100002437D4B5A7204E07B4A527A82437A4BA3
:106520005A7270477B49D831086070470146002095
:10653000754A506820F4404008435060704700217D
:10654000714A20321170704A82F82010012802D05E
:1065500004280AD104E001216B4A2032117005E0C1
:106560000521694A2032117000E000BF00BF70476A
:106570006949086070476449096A0143624A1162C7
:106580007047654944390860704730B500210022E2
:10659000002400235C4D6D6805F00C0121B1042935
:1065A00005D0082923D105E05C4D056022E05B4D54
:1065B00005601FE0544D6D6805F47012524D6D6812
:1065C00005F48034022505EB92421CB9544D554325
:1065D00005600BE04C4D6D6805F400351DB1504D64
:1065E0005543056002E04D4D5543056002E04B4DBB
:1065F000056000BF00BF444D6D6805F0F00109095A
:10660000484D6B5C0568DD4045603F4D6D6805F4A5
:10661000E061090A434D6B5C4568DD4085603A4D99
:106620006D6805F46051C90A3E4D6B5C4568DD40FC
:10663000C560354D6D6805F44041890B3A4D6B5C82
:10664000C568B5FBF3F5056130BD29B12E4A526925
:1066500002432D4B5A6104E02B4A526982432A4B74
:106660005A61704729B1284A92690243264B9A61C0
:1066700004E0254A92698243234B9A61704729B10D
:10668000214AD2690243204BDA6104E01E4AD269F2
:1066900082431D4BDA61704729B11B4AD26802431D
:1066A000194BDA6004E0184AD2688243164BDA606C
:1066B000704729B1144A12690243134B1A6104E06E
:1066C000114A12698243104B1A61704712494039CE
:1066D000086070470F49C86470470B49C87170471C
:1066E0000948406A40F08070074948627047014697
:1066F0000020054A92680A400AB1012000E000200B
:106700007047014988727047001002400000FFF88E
:10671000FFFFF6FE000042428004424200127A006F
:1067200000093D00320000204200002010B5044660
:10673000FB48844209D101218803FFF7ADFF002106
:106740004FF48040FFF7A8FF32E0F648844209D1B9
:1067500001214804FFF7ADFF00214FF40030FFF79F
:10676000A8FF25E0F048844209D101218804FFF701
:10677000A0FF00214FF48020FFF79BFF18E0EB48BB
:10678000844209D10121C804FFF793FF00214FF48F
:106790000020FFF78EFF0BE0E548844208D101217D
:1067A0000805FFF786FF00214FF48010FFF781FFF7
:1067B00010BD2DE9F04786B005460E460024A246DE
:1067C00000BFA1460027B08900B100BF2F462C8A28
:1067D0004CF6FF700440F08804432C82AC894EF6DE
:1067E000F3100440B0883189084371890843044399
:1067F000AC81AC8A4FF6FF400440B0890443AC82C0
:1068000001A8FFF7C2FEC648874202D1DDF810A0FA
:1068100001E0DDF80CA0A88900F4004040B10AEBCB
:10682000CA0000EB0A1031684900B0FBF1F807E03C
:106830000AEBCA0000EB0A1031688900B0FBF1F8DE
:106840006420B8FBF0F004012009642101FB1089E9
:10685000A88900F4004040B1322000EBC900B0FB31
:10686000F1F000F00700044308E0322000EB0910CB
:106870006421B0FBF1F000F00F0004432C8106B05E
:10688000BDE8F0874FF41651016000218180C1807E
:1068900001810C21418100218181704710B50246A0
:1068A0000020108A4FF2FF0318400B884C882343C6
:1068B0008C882343CC8823431843108210BD0021C9
:1068C000018041808180C180704721B1828942F47A
:1068D0000052828104E082894DF6FF731A40828162
:1068E0007047F0B50346002400260025002040F63E
:1068F0006A17B94200D100BF1846C1F3421401F033
:106900001F06012707FA06F5012C01D10C3004E01F
:10691000022C01D1103000E014301AB107682F4367
:10692000076002E00768AF430760F0BD1AB1838AD1
:106930000B43838202E0838A8B4383827047028AFF
:106940004FF6F0731A400282028A0A4302827047AD
:1069500082894FF2FF731A40828182890A438281C1
:10696000704721B1828942F00202828104E082896B
:106970004FF6FD731A4082817047028A4FF6DF732B
:106980001A400282028A0A430282704721B1028AB7
:1069900042F48042028204E0028A4BF6FF731A40FE
:1069A00002827047C1F308028280704701468888DE
:1069B000C0F308007047818941F00101818170476F
:1069C000028BD2B20283028B42EA01220283704719
:1069D000028B02F47F420283028B0A4302837047D8
:1069E00021B1828A42F02002828204E0828A4FF63C
:1069F000DF731A408282704721B1828A42F010020E
:106A0000828204E0828A4FF6EF731A4082827047D6
:106A100021B1828A42F00802828204E0828A4FF623
:106A2000F7731A408282704721B1828942F4004292
:106A3000828103E08289C2F30E028281704721B114
:106A4000828A42F40062828204E0828A4FF2FF73FB
:106A50001A4082827047828A4FF6FB731A40828204
:106A6000828A0A438282704721B1828A42F00202FE
:106A7000828204E0828A4FF6FD731A408282704758
:106A800002460020B1F5007F00D100BF13880B4003
:106A90000BB1012000E00020704701F40072B2F554
:106AA000007F00D100BFCA430280704770B5024624
:106AB000002400230025002040F66A16B14200D1D0
:106AC00000BFC1F3421501F01F03012606FA03F3CC
:106AD000012D02D19689334006E0022D02D1168A9B
:106AE000334001E0968A33400C12012606FA04F482
:106AF0001688344013B10CB1012000E0002070BDB5
:106B000010B50022002340F66A14A14200D100BF54
:106B10000A1201249440A3B2DC43048010BD00009B
:106B2000003801400044004000480040004C004054
:106B30000050004010B50446FE48844208D10121AF
:106B4000C014FFF7A9FD0021E014FFF7A5FDC4E084
:106B5000B4F1804F08D101210846FFF7AAFD0021BA
:106B60000120FFF7A6FDB8E0F348844208D10121D7
:106B70000220FFF79EFD00210220FFF79AFDACE006
:106B8000EE48844208D101210420FFF792FD002144
:106B90000420FFF78EFDA0E0E948844208D10121DE
:106BA0000820FFF786FD00210820FFF782FD94E012
:106BB000E448844208D101211020FFF77AFD00212A
:106BC0001020FFF776FD88E0DF48844208D10121DC
:106BD0002020FFF76EFD00212020FFF76AFD7CE0FA
:106BE000DA48844208D101214014FFF755FD002105
:106BF0006014FFF751FD70E0D548844209D10121AE
:106C0000C804FFF749FD00214FF40020FFF744FDC1
:106C100063E0D048844209D101210805FFF73CFD1B
:106C200000214FF48010FFF737FD56E0CA48844238
:106C300009D101214805FFF72FFD00214FF4001075
:106C4000FFF72AFD49E0C548844208D101214020D0
:106C5000FFF72FFD00214020FFF72BFD3DE0C0484E
:106C6000844208D101218020FFF723FD00218020EC
:106C7000FFF71FFD31E0BB48844208D10121801598
:106C8000FFF717FD0021A015FFF713FD25E0B6481B
:106C9000844209D101210804FFF7FEFC00214FF4D2
:106CA0008030FFF7F9FC18E0B048844209D1012197
:106CB0004804FFF7F1FC00214FF40030FFF7ECFC33
:106CC0000BE0AB48844208D101218804FFF7E4FCC3
:106CD00000214FF48020FFF7DFFC10BD0022028866
:106CE000944B98420ED0994B98420BD0B0F1804F04
:106CF00008D0914B984205D0904B984202D0904BCF
:106D0000984204D14FF68F731A404B881A438D4B2B
:106D1000984207D08C4B984204D04FF6FF431A405C
:106D2000CB881A4302808B8883850B880385814B2F
:106D300098420BD0854B984208D08B4B984205D097
:106D40008A4B984202D08A4B984201D10B7A038633
:106D500001238382704770B5002400220023058C34
:106D60004FF6FE7635400584028C8388048B4FF6FF
:106D70008F752C40B51E2C400D882C43751E2A4063
:106D80000D892A434D882A436A4DA8420BD06F4D86
:106D9000A84208D0744DA84205D0744DA84202D034
:106DA000734DA84213D14FF6F7752A404D892A43F7
:106DB0004FF6FB752A408D882A434FF6FF652B401E
:106DC0004FF6FF552B408D892B43CD892B43838074
:106DD0000483CD888586028470BD70B500240022AE
:106DE0000023058C4FF6EF7635400584028C8388AE
:106DF000048B48F6FF752C404FF6FF452C400D885C
:106E00004FF6FF7606EA05252C434FF6DF752A403C
:106E10000D8906EA05152A434D8806EA05152A4319
:106E2000444DA84202D0494DA8421DD14FF67F756E
:106E30002A404D894FF6FF7606EA05152A434FF69C
:106E4000BF752A408D8806EA05152A434FF6FF359F
:106E50002B404FF2FF752B408D8906EA85052B43A9
:106E6000CD8906EA85052B4383800483CD88058779
:106E7000028470BD70B5002400220023058C4FF6FB
:106E8000FF6635400584028C8388848B4FF68F75AE
:106E90002C404FF6FC752C400D882C434FF6FF55C7
:106EA0002A400D894FF6FF7606EA05252A434D88CC
:106EB00006EA05252A431F4DA84202D0234DA842C9
:106EC0001DD14FF2FF752A404D894FF6FF7606EA35
:106ED00005252A434FF6FF352A408D8806EA052509
:106EE0002A434EF6FF752B404DF6FF752B408D89DA
:106EF00006EA05152B43CD8906EA05152B43838049
:106F00008483CD888587028470BD70B500220023FC
:106F10000024058C4EF6FF7635400584038C84886A
:106F2000828B48F6FF752A404FF6FF452A400D88B0
:106F300020E00000002C0140000400400008004058
:106F4000000C0040001000400014004000340140DC
:106F5000004C014000500140005401400018004026
:106F6000001C00400020004000400140004401405F
:106F7000004801404FF6FF7606EA05252A434DF604
:106F8000FF752B400D8906EA05352B434D8806EA2F
:106F900005352B43FA4DA84202D0FA4DA84208D13C
:106FA0004BF6FF752C408D894FF6FF7606EA851566
:106FB0002C4384808283CD88A0F84050038470BD28
:106FC000828B4FF2FF331A408283828B4FF6FF731E
:106FD00003EA01231A4382837047F0B50C46154635
:106FE000002200210026078C4EF6FF7C07EA0C07E2
:106FF0000784828B018C4FF6FF7707EA043640F650
:10700000FF473A404FF6FF7707EA05273A434FF626
:10701000FF7707EA03373A43D94FB8420ED0D94F2A
:10702000B8420BD0B0F1804F08D0D74FB84205D04E
:10703000D64FB84202D0D64FB84206D14DF6FF77B0
:10704000394046F48057394305E047F6FF57394049
:1070500044F48057394382830184F0BD828B4FF61C
:10706000F3731A408283828B0A4382837047F0B5A0
:107070000C461546002200210026078C4FF6FF6CB7
:1070800007EA0C070784828B018C4FF6FF7707EA2B
:1070900004264FF60C773A404FF6FF7707EA0317BE
:1070A0002F433A43B64FB8420ED0B64FB8420BD03A
:1070B000B0F1804F08D0B44FB84205D0B34FB842BA
:1070C00002D0B34FB84206D14FF6FF57394046F4CD
:1070D0008077394305E04FF2FF57394044F4807719
:1070E000394382830184F0BD028B4FF2FF331A4093
:1070F0000283028B4FF6FF7303EA01231A430283D4
:107100007047F0B50C461546002200210026078C7A
:107110004FF6EF7C07EA0C070784028B018C4FF6D1
:10712000FF7707EA041640F6FF473A404FF6FF772D
:1071300007EA03373A434FF6FF7707EA05273A4352
:107140008F4FB8420ED08F4FB8420BD0B0F1804F66
:1071500008D08D4FB84205D08C4FB84202D08C4F2A
:10716000B84206D14FF6DF77394046F01007394371
:1071700005E04FF65F77394044F01007394302834A
:107180000184F0BD028B4FF6F3731A400283028B29
:107190000A4302837047F0B50C46154600220021D1
:1071A000068C4FF6FE773E400684028B018C4FF62C
:1071B0000C7632407E1C06EA03162E433243704E94
:1071C000B0420ED06F4EB0420BD0B0F1804F08D01D
:1071D0006D4EB04205D06D4EB04202D06C4EB04202
:1071E00006D14FF6FD76314044F00106314305E00B
:1071F0004FF6F576314044F00106314302830184B5
:10720000F0BD70B505460C465D4885420ED05D4820
:1072100085420BD0B5F1804F08D05B48854205D040
:107220005A48854202D05A48854200D100E000BF4A
:10723000208850B92389A28861882846FFF7ABFFD0
:10724000E1882846FFF79EFF25E0208804280AD120
:107250002389A28861882846FFF753FFE1882846E2
:10726000FFF742FF17E0208808280AD12389A28867
:1072700061882846FFF7FBFEE1882846FFF7EEFE0F
:1072800009E02389A28861882846FFF7A6FEE188E5
:107290002846FFF795FE70BD2DE9F04105460C46E6
:1072A00000260127608808B9022600E00026A08891
:1072B000012801D1022700E001272088A0B92389F5
:1072C000A28861882846FFF766FFE1882846FFF715
:1072D00059FF23893A4631462846FFF712FFE188D5
:1072E0002846FFF701FF13E02389A288618828461A
:1072F000FFF707FFE1882846FFF7F6FE23893A46A5
:1073000031462846FFF747FFE1882846FFF73AFF56
:10731000BDE8F0810A884B881A438B881A43CB88D2
:107320001A430B891A434B891A438B891A43A0F8D5
:10733000442070474FF6FF71818000210180C18099
:107340004180017270470021018041808180C180AD
:10735000018141818181C18170470021018041808B
:10736000012181800021C1800181704700210180BD
:1073700041808180C180018141818181704700000D
:10738000002C01400034014000040040000800408F
:10739000000C004021B1028842F00102028004E0AA
:1073A00002884FF6FE731A400280704731B1B0F880
:1073B000442042F40042A0F8442005E0B0F8442004
:1073C000C2F30E02A0F8442070471AB183890B4320
:1073D000838102E083898B43838170478182704778
:1073E00041EA0203A0F8483070471AB183890B4381
:1073F000838102E083898B438381704701894FF643
:10740000F8721140018170470A46002101894FF648
:107410008F73194011430181704730B504460D4602
:1074200029462046FFF7F0FF208940F00700208121
:1074300030BD2DE9F04104460D4616461F46602D2D
:1074400006D13B46012231462046FFF75AFE05E0B1
:107450003B46012231462046FFF79DFE2946204645
:10746000FFF7D2FF208940F007002081BDE8F081BE
:1074700030B50C4600210189C9B24FF6FF7505EA07
:107480000325154325432943018130BD2DE9F041F2
:1074900005460E4617469846002443463A4631466E
:1074A0002846FFF7E5FF2C894FF6F870044044F0BA
:1074B00007044FF68F70044044F070042C81BDE83F
:1074C000F081F0B504460D4616461F463B4632464F
:1074D00029462046FFF7CCFF208940F480402081D8
:1074E000F0BD0185828270470A46002101884FF66F
:1074F0008F731940114301807047F0B50C46154653
:107500001E460021002200230189028B038C4FF6C6
:10751000F877394021434FF6FC473A4040F20117D3
:107520003A434FF6DD773B404FF6FF7707EA061701
:107530002F433B43018102830384F0BD0A460021AF
:10754000018B4FF68F7319401143018370470A4630
:107550000021018B48F6FF7319404FF6FF7303EAD1
:1075600002231943018370470A460021818B4FF69D
:107570008F7319401143818370470A460021818B24
:1075800048F6FF7319404FF6FF7303EA02231943CD
:107590008183704721B1028842F08002028004E0BA
:1075A00002884FF67F731A400280704721B18288AB
:1075B00042F00402828004E082884FF6FB731A4096
:1075C0008280704721B1828842F00802828004E004
:1075D00082884FF6F7731A408280704721B1828803
:1075E00042F00102828004E082884FF6FE731A4066
:1075F000828070470A460021018B4FF6F7731940CD
:107600001143018370470A460021018B4FF2FF733B
:1076100019404FF6FF7303EA0223194301837047B1
:107620000A460021818B4FF6F7731940114381837D
:1076300070470A460021818B4FF2FF7319404FF6C5
:10764000FF7303EA02231943818370470A4600212E
:10765000018B4FF6FB7319401143018370470A46B3
:107660000021018B4FF6FF3319404FF6FF7303EAF9
:1076700002231943018370470A460021818B4FF68C
:10768000FB7319401143818370470A460021818BA7
:107690004FF6FF3319404FF6FF7303EA02231943F5
:1076A000818370470A460021018B4FF67F73194092
:1076B0001143018370470A460021018BC1F30E017B
:1076C0004FF6FF7303EA02231943018370470A460A
:1076D0000021818B4FF67F731940114381837047DE
:1076E0000A460021818BC1F30E014FF6FF7303EAB6
:1076F00002231943818370470A460021018C4FF60B
:10770000FD7319401143018470470A460021018C22
:107710004FF6F77319401143018470470A46002160
:10772000018C4FF6DF7319404FF6FF7303EA021323
:107730001943018470470A460021018C4FF67F737C
:1077400019404FF6FF7303EA02131943018470478F
:107750000A460021018C4FF6FF5319404FF6FF7384
:1077600003EA02231943018470470A460021018C71
:107770004FF2FF7319404FF6FF7303EA02231943D8
:10778000018470470A460021018C4DF6FF731940B1
:107790004FF6FF7303EA023319430184704730B593
:1077A000002301248C40A3B2048C9C430484048CE9
:1077B00002FA01F5ADB22C43048430BD30B500238C
:1077C00004248C40A3B2048C9C430484048C02FAED
:1077D00001F5ADB22C43048430BD70B503460020E2
:1077E00000241846183001258D40ACB21D8CA543ED
:1077F0001D8409B1082909D100EB6100056825F055
:10780000700505600568154305600EE00D1FC5F3A2
:107810004E052844056825F4E045056005684FF6E7
:10782000FF7606EA02263543056070BD21B1028865
:1078300042F00202028004E002884FF6FD731A4013
:107840000280704721B1028842F00402028004E005
:1078500002884FF6FB731A400280704721B182887C
:1078600042F08002828004E082884FF67F731A40E3
:107870008280704702884FF6F7731A4002800288B0
:107880000A430280704782884FF68F731A408280C5
:1078900082880A438280704702894FF6F8731A4043
:1078A000028102890A430281704702894FF67F7381
:1078B0001A40028102890A4302817047818470471D
:1078C000818570478186704701877047818770473F
:1078D000A0F84010704702884FF6FF431A4002801C
:1078E00002880A43028070470146888E704701462D
:1078F000088F70470146888F70470146B1F84000F5
:1079000070470146888C70470146088D70470246D3
:107910000020138A0B400BB1012000E000207047CB
:10792000CA430282704730B502460020002300247B
:10793000158A05EA0103958905EA010413B10CB122
:10794000012000E0002030BDCA430282704770472A
:107950000FB4044910B503AA029800F00BFB10BC49
:107960005DF814FB2C0000200FB41CB5074B06AAD1
:107970007B4469460090059800F0E3FA00206946D0
:1079800000F0F2FA1CBC5DF814FB0000F5050000E5
:1079900070B5044685690068C10601D5302600E04F
:1079A0002026C00707D070BDD4E90121304690479A
:1079B000206A401C20626D1EF6D570BD70B504466D
:1079C00085690078C00707D170BDD4E90121202066
:1079D0009047206A401C20626D1EF6D570BD0000E5
:1079E0002DE9F0410646002410687529314616A598
:1079F00010D0AFF30080002802DA404213A507E060
:107A000031688A0701D512A502E0490704D511A5FE
:107A1000012401E0AFF3008000210A2206F12407CF
:107A200009E0B0FBF2FCB0FBF2F302FB1C003030CB
:107A300078541846491C0028F3D123462A4630467C
:107A4000BDE8F04100F01EBA000000002D0000006B
:107A50002B0000002000000070B504460D462146B2
:107A60001068AFF300802188090502D50F4A7A44D7
:107A700002E00E4A7A440E32002104F1240305E0AC
:107A800000F00F060009965D5E54491C0028F7D1EE
:107A900020780023000704D5702D02D009B10223FD
:107AA00011322046BDE8704000F0ECB9822400009D
:107AB0002DE9F05F894604464FF0000ADFF824B153
:107AC000FB44C0F820A02046E168884700287DD00C
:107AD000252806D0D4E901219047206A401C206265
:107AE000F1E700255F462046E168884720280646E2
:107AF00007DB312E05D2B81910F8200C08B1054368
:107B0000F1E7A80701D525F00405C4F81CA000275B
:107B1000C4F818A02A2E09D0304600F0AFFC38B3C4
:107B200004EB8708303EC8F8186019E059F8041BC8
:107B3000204604EB87029161E1688847012F0646E1
:107B400018D1E069002820DA25F020051DE0D8F8DA
:107B5000180000EB800006EB40003038C8F8180031
:107B60002046E1688847064600F088FC0028EED1F0
:107B7000012F0AD02E2E08D12046E16888477F1CAD
:107B80000646022F45F02005C4DBA069002803DA71
:107B9000404245F00105A061E80701D025F010053D
:107BA000A6B1A6F14100192802D8203645F4006597
:107BB0004A463146204625604D46F8F7F3FA60B153
:107BC000012807D0ED1D25F0070000E007E000F1D7
:107BD000080978E705F1040975E730467AE7206A75
:107BE000BDE8F09F582400000FB400B58DB010A977
:107BF000099000910B904FF0FF300A9000200C90FC
:107C0000064878440690064878446A4607900F99DB
:107C100009A800F0D5F90DB05DF814FBDB030000F6
:107C2000F30300002DE9FF5F1D464FF0FF3B914637
:107C30004FF000085F46D5E90146A96901987F1C0D
:107C40008847296A824688470028F6D1BAF1FF3F63
:107C50000CD0002E24F4C06419DD600614D5BAF1EE
:107C60002B0F09D0BAF12D0F0ED103E0584604B006
:107C7000BDE8F09F44F48064A96901987F1C88479F
:107C8000761E8246002E02DDBAF1300F03D0B9F124
:107C9000000F26D032E0A969761E01987F1C44F4BB
:107CA00000748847002E824605DDBAF1780F06D0B1
:107CB000BAF1580F03D0B9F1000F10D01EE0B9F19E
:107CC000000F02D0B9F1100F18D1A969761E0198E2
:107CD0007F1C24F4007488478246102002E00820AC
:107CE00000E00A20814609E0A96908FB0908761E20
:107CF00001987F1C44F4007488478246002E05DDFD
:107D00004946504600F048F90028EDDAE969019843
:107D10008847A00502D46FF00100A8E7E00725D14D
:107D2000600613D5600502D5C8F1000000E04046AA
:107D300029680A1D2A600968220501D5087015E026
:107D4000220701D5088011E008600FE02868011DB6
:107D500029600068210502D580F8008006E021072F
:107D600002D5A0F8008001E0C0F8008038467EE728
:107D700040EA0103024630B59B0710D14FF00134B1
:107D800000E008C208C91D1B9D4315EAC41FF8D0B6
:107D900013F0FF0102F8011B0DD01B0AF8E711F8E0
:107DA000013B002B02F8013B05D011F8013B002BF1
:107DB00002F8013BF3D130BD4FF000020429C0F0BE
:107DC000128010F0030C00F02D81CCF1040CBCF1FA
:107DD000020F18BF00F8012BA8BF20F8022BA1EB5F
:107DE0000C0100F01FB95FEAC17C24BF00F8012B31
:107DF00000F8012B48BF00F8012B70474FF0013C01
:107E000050F8042B51F8043B9A4221D1A2EB0C0309
:107E1000934313EACC1317D150F8042B51F8043BC9
:107E20009A4215D1A2EB0C03934313EACC130BD166
:107E300050F8042B51F8043B9A4209D1A2EB0C03F1
:107E4000934313EACC13DBD04FF00000704700BF20
:107E5000D01A01BAB1FA81F101F0180122FA01F049
:107E6000CB40C1F12001DBB2C0B2C01A2CFA01F341
:107E7000D11A914311EAC311E6D170477047704798
:107E8000704770472DE9F0470D46994692460446E3
:107E900000F124080168880604D5E06921F010018A
:107EA000216000E00120A84201DD471B00E000271F
:107EB000A1697A1902EB0900081AA0612078C006AE
:107EC00002D42046FFF764FD002608E0D4E9012132
:107ED0001AF806009047206A401C761C20624E4526
:107EE000F4DB2078C0060AD52046FFF751FD06E0F6
:107EF000D4E9012130209047206A401C2062381EBE
:107F0000A7F10107F4DC07E0D4E9012118F8050026
:107F10009047206A401C2062281EA5F10105F3DC71
:107F20002046FFF74BFD2078000602D50220BDE871
:107F3000F0870120FBE7000001694A1C0261087814
:107F4000704700B58FB0CDE9013100210591054999
:107F50007944CDE9031011466846FFF7A9FD0FB03B
:107F600000BD0000E5FFFFFF0A6802F8010B0A6090
:107F700070470000074B70B50D467B44FFF7E1FFEB
:107F80000446284600F036FA10B14FF0FF3070BDBD
:107F9000204670BD4DD8FFFF3A2800D2303820F07F
:107FA0002002412A01D3A2F13700884201D34FF0C9
:107FB000FF3070470268114413780160184670471B
:107FC000D160054979445161044979441162002125
:107FD0001161114600F054B8EDFFFFFFA100000051
:107FE000426842B1016811F8013B23B1521EC0E959
:107FF0000012184670470121C160881E7047426810
:108000005AB1C368016843B983688B4205D0491EE1
:10801000521CC0E90012002070474FF0FF3070473B
:108020004FF0000200B5134694469646203922BF11
:10803000A0E80C50A0E80C50B1F12001BFF4F7AF5C
:10804000090728BFA0E80C5048BF0CC05DF804EB3E
:10805000890028BF40F8042B08BF704748BF20F8AC
:10806000022B11F0804F18BF00F8012B704710B59C
:10807000044600F0E9F90068005D00F0010010BD61
:108080002DE9F34F4FF0000A0C4656468DB0012003
:108090000C9001F10C000B9062690B980121904744
:1080A000051E2DD0252D2CD0216A8847C0B16269CC
:1080B0000B9801219047216A88470028F7D162690F
:1080C000411E0B98904700E0761CA1690D988847E7
:1080D000216A88470028F7D1E1690D988847DBE7D6
:1080E000A1690D988847A842074601D1761CD3E7BD
:1080F000E1690D9888477F1C02D1BAF1000F6FD05B
:108100006CE162690B9800273D46394690472A2862
:1081100004D162690B98012190470125DFF8D082D4
:1081200062690B9801219047A0F130010A290AD217
:108130004745E5DC07EB870100EB4107303FDFD423
:1081400045F01005ECE7E90601D46FF000476C2814
:108150000AD04C2814D0682815D06A280DD074286D
:108160001CD07A281AD01DE062690B980121904733
:108170006C2802D045F0040514E045F002050DE03E
:1081800045F020050AE062690B98012190476828B4
:1081900002D045F0080505E045F4006562690B98DA
:1081A00001219047C4E9015765283DD019DC5828C2
:1081B0007AD00CDC452837D004DC252826D041288D
:1081C0009ED131E046282FD0472899D12CE05B285A
:1081D00077D0612828D063287CD0642823D15AE046
:1081E000F7E06F2848D008DC66281DD067281BD030
:1081F000692821D06E2816D127E0702845D0732831
:1082000068D0752847D078280DD14DE0A1690D9828
:108210008847252805463FF469AFE1690D988847EE
:108220006D1C3FF46AAFD9E00D9923466A466FF0A2
:108230000100AFF30080C6E045F0400023464FF058
:1082400000026060A80736D43EE0E8077FF447AF3D
:108250002068011D21600068290501D506701BE713
:10826000290701D5068017E7A90703D5F117C0E94B
:10827000006111E706600FE745F0400023464FF02C
:1082800008026060A80716D41EE040F60E0125EA39
:108290000100606016E045F0400023464FF00A02FE
:1082A0006060A80707D40FE045F040006060A807B1
:1082B00008D5234610220D996FF00100AFF300801E
:1082C00081E007E0102223460D996FF00100FFF7CF
:1082D000A9FC78E04FF0000963284F46C8464B469A
:1082E000CB4602D05B2807D039E02079C00601D404
:1082F0000120A060012732E06269D4F80CB00B982D
:10830000012190475E2807D14FF001094946626973
:10831000D4F80CB00B989047216939B900210A466E
:1083200003AB43F82120491C0829FADBD8B32169A3
:1083300049B308F1010862690B98012190475D2853
:10834000F4D1B9F1000F09D0002003A951F8202081
:10835000D24341F82020401C0828F7DB03AB2069FA
:10836000002820794FEA40701ED05B462246CDF8A7
:108370000080CDE901970D9900286FF0010020DA07
:10838000AFF300801FE0C11703AA00EBD1614B11CE
:1083900021F01F0102EB8302411A1368012088407B
:1083A00003431360C7E719E00D99224600286FF0D8
:1083B0000100009702DAAFF3008004E0AFF3008021
:1083C00001E0AFF3008000280ADA401C06D10C98C7
:1083D00020B14FF0FF300FB0BDE8F08F5046FAE704
:1083E000E90701D10AF1010A064400200C9053E686
:1083F000CCCCCC0C007B00F080007047754600F0C0
:1084000035F8AE4605006946534620F0070085461C
:1084100018B020B5FDF784FABDE820404FF0000603
:108420004FF000074FF000084FF0000B21F007015C
:10843000AC46ACE8C009ACE8C009ACE8C009ACE89F
:10844000C0098D467047000010B500F013F8001DFC
:1084500010BD00BF3900000010B50446AFF3008026
:108460002046BDE81040F7F7BBBE0000004870474B
:1084700020010020004870474001002030380A28C1
:1084800001D20120704700207047000010B500297C
:108490000AD00878002807D005487844FFF7AEFCDA
:1084A000002801D0002010BD0248784410BD000013
:1084B000B61A0000AE1A00004FEA1153A3F580630C
:1084C000D3F11E03A8BFD3F1200C08DB4FF000420C
:1084D00042EAC12252EA505232FA03F0704709428E
:1084E0000BD4102BC4BF0020704703F5787CBCF17F
:1084F000FF3F05D04FF0FF3070474FF0000070474E
:1085000070B500F0C3F800BF499224800020704786
:10851000F0E7B0FA80F310FA03F10AD0C3F11D03BB
:1085200003F580634FEA41504FEA035202EBD12139
:1085300070474FF000007047DFF848C170B51CEA83
:10854000111E1EBF1CEA13159EEA0C0F95EA0C0FB4
:1085500000F06F8081EA030423EA4C134EEAD47ED4
:1085600021EA4C1141F4801143F48013AE44A1FB85
:10857000024CA0FB0365AEF17F7E361955EB0C056E
:10858000A1FB034C4CF10003A0FB021C16EB0C06F4
:10859000654153F10003094218BF46F0010613F488
:1085A000007F0BD14FEA03314FEA0530340341EA33
:1085B000155140EA16506FF003020AE04FEAC3215A
:1085C0004FEAC520F40241EA555140EA56506FF097
:1085D000020202EB2E4201EB025585EACE710AD06F
:1085E0005FEA440C18BF24F0004450F1000041F150
:1085F000000120EAD47040F2FE7C624500D270BDDA
:10860000A84214BF4FF080444FF04044002E08BFF2
:108610000024BEF1806FA8BFA1F1C041BDE8704049
:1086200080F282804FF0000001F1C04101F0004172
:1086300070479EEA0C0F0CEA131518BF95EA0C0F51
:1086400006D04FF0000081EA030E0EF0004170BD2D
:1086500000F01CF88900013E00F007B800F009B8EE
:108660004FEA430C5FEA5C5C08D081EA030100F04A
:108670005BB84FEA410C5FEA5C5CF6D14FF000005A
:10868000014970470000FF070000F87F0EF1020E5D
:108690002EF0030E5EF8046B364205D4012A43EB3C
:1086A000030515F5001F12D8012841EB010C1CF53C
:1086B000001F0CD80ED14FEAD17C15F5001F0CEB32
:1086C0004C0C0CF1020C08BF4CEBD37C04E04FF0D7
:1086D000080C01E04FEAD37C0CEB4C0526FA05F6BA
:1086E00006F00706B6F1040C06D20EEB860CBDE8C8
:1086F00070404CF0010C6047DFE80CF0090B0202FF
:108700004FF000414FF00000A1F5002170BD194667
:108710001046012851EB010418BFD4F5001484BFA2
:10872000002001F0004170BD0808A0F500114FEADB
:108730003101704700000000000000000000000050
:10874000000000003F40000000000000000030007A
:10875000400030004000000009000BC03D000BC08D
:108760003D00090018C024407FE022403180000015
:10877000180024C01B000D803240018003801C4083
:1087800027401C80074000401000600000000000EF
:10879000000000000000000000001F80204040207A
:1087A0000000402020401F8000000000090006005B
:1087B0001F80060009000000040004003F80040040
:1087C0000400000000100060000000000000000035
:1087D0000400040004000400040000000000004045
:1087E0000000000000000000002001C0060038006A
:1087F000400000001F802040204020401F800000DB
:10880000000010403FC000400000000018C02140A0
:108810002240244018400000108020402440244082
:108820001B80000002000D0011003FC0014000004D
:108830003C80244024402440238000001F802440AA
:1088400024403440038000003000200027C038005E
:10885000200000001B802440244024401B80000096
:108860001C0022C0224022401F80000000000000A7
:10887000084000000000000000000000046000004C
:1088800000000000000004000A00110020804040A9
:10889000090009000900090009000000000040402B
:1088A000208011000A00040018002000234024004A
:1088B000180000001F802040274029401F40000072
:1088C000004007C039000F0001C0004020403FC0F9
:1088D000244024401B8000001F8020402040204076
:1088E0003080000020403FC0204020401F8000001A
:1088F00020403FC024402E4030C0000020403FC0F8
:1089000024402E00300000000F0010802040224044
:108910003380020020403FC0040004003FC02040DC
:10892000204020403FC02040204000000060202028
:1089300020203FC02000200020403FC024400B00EA
:1089400030C0204020403FC020400040004000C0D8
:108950003FC03C0003C03C003FC0000020403FC07F
:108960000C4023003FC020001F80204020402040BA
:108970001F80000020403FC0244024001800000059
:108980001F802140214020E01FA0000020403FC068
:108990002440260019C0004018C024402440224032
:1089A00031800000300020403FC0204030000000F7
:1089B00020003F80004000403F80200020003E001B
:1089C00001C0070038002000380007C03C0007C085
:1089D00038000000204039C0060039C020400000A7
:1089E0002000384007C0384020000000304021C03F
:1089F0002640384020C00000000000007FE04020FA
:108A000040200000000070000C00038000400000C7
:108A10000000402040207FE0000000000000200017
:108A200040002000000000000010001000100010A6
:108A300000100010000000004000000000000000D6
:108A4000000002800540054003C0004020003FC0F8
:108A50000440044003800000000003800440044000
:108A60000640000000000380044024403FC0004056
:108A70000000038005400540034000000000044062
:108A80001FC0244024402000000002E00550055093
:108A90000650042020403FC00440040003C00040B2
:108AA0000000044027C0004000000000001000103B
:108AB000041027E00000000020403FC001400700F4
:108AC00004C00440204020403FC00040004000005F
:108AD00007C0040007C0040003C00000044007C032
:108AE0000440040003C00040000003800440044030
:108AF00003800000041007F00450044003800000CD
:108B0000000003800440045007F00010044007C038
:108B1000024004000400000000000640054005403B
:108B200004C00000000004001F800440004000005A
:108B3000040007800040044007C000400400070014
:108B400004C0018006000400060001C0070001C047
:108B500006000000044006C0010006C004400000FA
:108B60000410071004E00180060004000000044027
:108B700005C00640044000000000000004007BE047
:108B800040200000000000000000FFF00000000096
:108B9000000040207BE00400000000004000800056
:108BA0004000200020004000000000000000000005
:108BB00000000000000000000000000000001FCCCA
:108BC000000C000000000000000008003000600001
:108BD0000800300060000000022003FC1E2002207C
:108BE00003FC1E200220000000000E1811043FFFAD
:108BF00010840C78000000000F0010840F3800C0B3
:108C0000077818840078000000780F8410C41124BD
:108C10000E9800E40084000808006800700000005E
:108C2000000000000000000000000000000007E05D
:108C30001818200440020000000040022004181808
:108C400007E00000000000000240024001800FF039
:108C500001800240024000000080008000800FF888
:108C600000800080008000000001000D000E000068
:108C70000000000000000000000000800080008074
:108C800000800080008000800000000C000C0000CC
:108C90000000000000000000000000060018006056
:108CA0000180060018002000000007F008081004EA
:108CB0001004080807F000000000080408041FFC66
:108CC000000400040000000000000E0C101410242A
:108CD000104411840E0C000000000C181004110444
:108CE000110412880C700000000000E0032004242E
:108CF00008241FFC0024000000001F9810841104A9
:108D00001104108810700000000007F0088811049A
:108D1000110418880070000000001C00100010FCF6
:108D200013001C001000000000000E3811441084D5
:108D3000108411440E38000000000700088C104415
:108D40001044088807F00000000000000000030C39
:108D5000030C0000000000000000000000010106FC
:108D60000000000000000000000000800140022020
:108D70000410080810040000022002200220022033
:108D80000220022002200000000010040808041045
:108D9000022001400080000000000E001200100CB4
:108DA000106C10800F00000003E00C1813E4142472
:108DB00017C4082807D000000004003C03C41C406E
:108DC000074000E4001C000410041FFC11041104FF
:108DD00011040E880070000003E00C181004100449
:108DE000100410081C10000010041FFC10041004D4
:108DF0001004080807F0000010041FFC11041104FF
:108E000017C410040818000010041FFC11041100FE
:108E100017C010000800000003E00C181004100434
:108E200010441C780040000010041FFC10840080D7
:108E3000008010841FFC10040000100410041FFCAC
:108E400010041004000000000003000110011001D4
:108E50001FFE10001000000010041FFC110403800E
:108E60001464181C1004000010041FFC10040004FB
:108E700000040004000C000010041FFC1F0000FC94
:108E80001F001FFC1004000010041FFC0C04030052
:108E900000E010181FFC100007F008081004100470
:108EA0001004080807F0000010041FFC1084108054
:108EB000108010800F00000007F008181024102404
:108EC000101C080A07F2000010041FFC1104110016
:108ED00011C011300E0C000400000E1C110410848F
:108EE000108410441C3800001800100010041FFCEF
:108EF000100410001800000010001FF810040004F7
:108F0000000410041FF8100010001E0011E0001CE7
:108F1000007013801C0010001FC0103C00E01F00F8
:108F200000E0103C1FC000001004180C163401C0F3
:108F300001C01634180C100410001C00130400FCAF
:108F400013041C00100000000804101C106410849E
:108F500013041C04101800000000000000007FFE35
:108F60004002400240020000000030000C0003807C
:108F70000060001C000300000000400240024002AC
:108F80007FFE000000000000000000002000400004
:108F9000400040002000000000010001000100012D
:108FA000000100010001000100004000400020001D
:108FB00000000000000000000000009801240144AF
:108FC0000144014400FC000410001FFC008801045F
:108FD0000104008800700000000000700088010497
:108FE00001040104008800000000007000880104F2
:108FF000010411081FFC0004000000F801440144B2
:109000000144014400C800000000010401040FFCF9
:109010001104110411001800000000D601290129D3
:10902000012901C90106000010041FFC0084010091
:109030000100010400FC000400000104190419FCF3
:109040000004000400000000000000030001010112
:10905000190119FE0000000010041FFC002400404C
:1090600001B4010C010400000000100410041FFCF6
:109070000004000400000000010401FC01040100E0
:1090800001FC0104010000FC010401FC008401005A
:109090000100010400FC0004000000F801040104C8
:1090A0000104010400F80000010101FF0085010432
:1090B00001040088007000000000007000880104B6
:1090C0000104010501FF00010104010401FC008409
:1090D0000104010001800000000000CC01240124F3
:1090E000012401240198000000000100010007F89C
:1090F0000104010400000000010001F80004000464
:109100000004010801FC0004010001800170000C52
:10911000001001600180010001F0010C003001C06D
:109120000030010C01F0010000000104018C00740A
:109130000170018C01040000010101810171000E28
:10914000001801600180010000000184010C01345D
:1091500001440184010C0000000000000000000038
:1091600001003EFC40024002000000000000000040
:10917000FFFF0000000000000000400240023EFC33
:10918000010000000000000000006000800080007E
:10919000400040002000200000000000000000000F
:1091A00000000000000000000000000000000000BF
:1091B00000000000000000000000000000000000AF
:1091C00000000000000000000000000F80380FFECB
:1091D000380F803800000000000000000000000090
:1091E0000000000000000100000600000C00003834
:1091F00000003100000600000C00003800003000C4
:10920000000000000000000061800067F807F9809E
:109210000061800061800061800061800067F80764
:10922000F98000618000000000000000000001C023
:10923000E003E0F00630080418081FFFFE040E08E3
:109240000787F00381E000000000000001F0000645
:109250000C00040408060C7001F9C0000E00003B6D
:10926000E000EC18070808040C180003E0000000F8
:109270000001E00007F003F818041C0804170807B1
:10928000E1D003C0E00023B0003C0800200800004B
:10929000100000000000000100003100003200005A
:1092A0001C000000000000000000000000000000A2
:1092B00000000000000000000000000000000000AE
:1092C00000000000000000007F0001FFC00780F0E8
:1092D0000C00181000042000020000000000002014
:1092E00000021000040C00180780F001FFC0007F8E
:1092F000000000000000000000000000000000006E
:10930000000000004200006600006600003C000013
:10931000180003FFC0001800003C00006600006653
:1093200000004200000000000800000800000800E3
:1093300000080000080001FFC0000800000800004D
:109340000800000800000800000000000001000004
:109350003100003200001C0000000000000000008E
:1093600000000000000000000000000000000000FD
:1093700008000008000008000008000008000008BD
:1093800000000800000800000800000800000000BD
:109390000000000000000000380000380000380025
:1093A00000000000000000000000000000000000BD
:1093B0000000000000000000000600001C0000701B
:1093C000000180000E0000380000C0000700001CF3
:1093D0000000300000000000000000007F8001FF5E
:1093E000E003807006001804000804000806001856
:1093F00003807001FFE0007F80000000000000009B
:10940000000001000801000801000803FFF807FF41
:10941000F80000080000080000080000000000003C
:1094200000000001C03802C058040098040118046C
:109430000218040418061C1803F81801E0F80000CC
:109440000000000000000001C0E003C0F0040008BC
:1094500004080804080806180803F41801E7F000D7
:1094600001E0000000000000000000000300000D0B
:109470000000110000610000810803010807FFF8E7
:109480000FFFF800010800010800000000000000C4
:1094900000E007FCD00608080610080610080610B1
:1094A00008061838060FF00607C00000000000008C
:1094B000000000003F8001FFE00384300208180430
:1094C0001008041008041008071810030FF0000714
:1094D000C000000000000000000003C00007000002
:1094E0000600000600F80607F806180006E0000768
:1094F000000006000000000000000001E1E003F7AA
:10950000F0063410041808041808040C08040C08A9
:1095100006161803F3F001C1E0000000000000008F
:10952000F80003FC300306380402080402080402B1
:10953000080404100308F001FFC0007F00000000D1
:10954000000000000000000000000000000000001B
:109550007038007038007038000000000000000013
:1095600000000000000000000000000000000000FB
:1095700000000000301A00301C0000000000000055
:1095800000000000000000000000000000000008D3
:109590000000140000220000410000808001004013
:1095A0000200200400100800080000000000000075
:1095B00021000021000021000021000021000021E5
:1095C0000000210000210000210000210000000017
:1095D0000000000000000800080400100200200144
:1095E00000400080800041000022000014000008BC
:1095F0000000000000000003C00004C000040000E0
:10960000080038080F380808380810000C30000728
:10961000E00003C000000000000000003F8000FFE9
:10962000E0038070020F1006708804C0880483086D
:10963000047F8802C09003012000FE400000080063
:1096400000180001F8003E0801C20007020007E20E
:109650000000FE00001FC80001F8000038000008EC
:1096600004000807FFF807FFF804080804080804C6
:10967000080804080806180803F41801E7F00001B8
:10968000E0000000000000003F8001FFE003807068
:109690000200180400080400080400080400100672
:1096A00000200780C000000004000807FFF807FF43
:1096B000F804000804000804000804001802001060
:1096C00003807001FFE0007F8000000004000807B5
:1096D000FFF807FFF804080804080804080804084D
:1096E00008043E080400080600180100600000009D
:1096F00004000807FFF807FFF8040808040800043E
:109700000800040800043E00060000060000018076
:1097100000000000000000003F8001FFE0038070B7
:109720000600180400080402080402080203F007F7
:1097300083F000020000020004000807FFF807FFA2
:10974000F8040808000800000800000800000800ED
:1097500004080807FFF807FFF804000800000000ED
:10976000000004000804000804000807FFF807FFD1
:10977000F8040008040008040008000000000000CD
:1097800000000000000600000700000104000104C2
:10979000000104000307FFFE07FFFC0400000400B3
:1097A0000004000004000807FFF807FFF8040C0895
:1097B000001800003E0004C7800503C80600F80436
:1097C000003804001800000804000807FFF807FF2D
:1097D000F804000800000800000800000800000865
:1097E00000000800001800006000000004000807E6
:1097F000FFF807800807FC00007FC00003F800079F
:10980000C000780007800807FFF807FFF804000889
:1098100004000807FFF807000803C00000E000008C
:109820003800001E000007000001C00400F007FF20
:10983000F8040000000000007F8001FFE00380705A
:109840000600180400080400080600180300300190
:10985000FFE0007F8000000004000807FFF807FF1A
:10986000F8040408040400040400040400040400D0
:10987000060C0003F80001F00000000000000000EA
:109880007F8001FFE00380700600880400880400E8
:10989000C806003C03003E01FFE6007F8400000094
:1098A00004000807FFF807FFF8040808040800048C
:1098B0000C00040F00040BC00610F003F03801E0A8
:1098C0000800000800000001E0F803F03006301046
:1098D000041808041808040C08040C0802061802EE
:1098E00007F00781E000000001800006000004008E
:1098F0000004000004000807FFF807FFF804000850
:1099000004000004000006000001800004000007BD
:10991000FFE007FFF0040018000008000008000046
:109920000800000800000804001007FFE004000021
:1099300004000006000007E00007FE00041FE0002E
:1099400001F80000380001E0043E0007C0000600F6
:109950000004000004000007E00007FFC0041FF837
:109960000007C007F80007FF80043FF80007C004A5
:10997000F8000700000400000000000400080600D2
:109980001807C07805F1C8003E00001F800463E896
:109990000780F80600180400080000000400000614
:1099A000000007800007E008047C08001FF800079B
:1099B000F800180804E00807000006000004000092
:1099C0000000000100080600380400F80403E80461
:1099D0000F08047C0805F00807C0080700180400F9
:1099E0006000000000000000000000000000000017
:1099F0000000003FFFFE20000220000220000220A5
:109A0000000220000200000000000000000008002A
:109A10000007000000C0000038000006000001C080
:109A200000003000000E00000100000000000000F7
:109A3000000020000220000220000220000220007E
:109A4000023FFFFE000000000000000000000000D8
:109A500000000000000000000008000010000030BE
:109A6000000020000030000010000008000000008E
:109A700000000000000001000001000001000001E2
:109A800000000100000100000100000100000100D1
:109A900000010000010000010000000000000000C3
:109AA0000020000020000010000010000000000056
:109AB00000000000000000000000000000000000A6
:109AC00000F00019F8001B180022080026080024E6
:109AD00008002410003FF8001FF8000008000018DC
:109AE00000000004000007FFF80FFFF00018180046
:109AF0001008002008002008003018001FF0000F98
:109B0000C00000000000000007C0001FF000183077
:109B1000002008002008002008003C08001C10005D
:109B200000600000000000000000000007C0001FEF
:109B3000F000381800200800200800200804101049
:109B400007FFF80FFFF00000100000000000000009
:109B500000000007C0001FF0001230002218002291
:109B600008002208003208001E10000E200000002D
:109B700000000000200000200800200801FFF8037A
:109B8000FFF806200804200804200807200003002E
:109B90000000000000000000000E000E6E001FF329
:109BA0000031B10020B10020B1003191001F13003D
:109BB0002E1E00200E00300000000004000807FFE9
:109BC000F80FFFF800100800200000200000200817
:109BD000003FF8001FF8000008000000000000002F
:109BE0000000002008002008002008063FF8063F7B
:109BF000F800000800000800000800000000000055
:109C0000000000000000000003000003002001002D
:109C10002001002003063FFE063FFC00000000007C
:109C20000000000000000004000807FFF80FFFF824
:109C3000000188000300002FC00038F80020380021
:109C400020080000080000000000000000000400E0
:109C50000804000804000807FFF80FFFF8000008D8
:109C600000000800000800000000000000200800BC
:109C70003FF8003FF8001008002000003FF8003FC8
:109C8000F8001008002000003FF8003FF80000082E
:109C9000000000002008003FF8003FF80010080016
:109CA0001000002000002008003FF8001FF800000E
:109CB000080000000000000007C0000FF00018308E
:109CC000003008002008002008003008001830008C
:109CD0000FF00007C0000000000000002001003F5E
:109CE000FF003FFF0010110020090020080020089D
:109CF000003038001FF0000FC0000000000000001E
:109D000007C0001FF00038180020080020080020BD
:109D100009001011001FFF003FFF000001000000BC
:109D2000002008002008002008003FF8003FF8004D
:109D30000808001008002008002000003000003053
:109D400000000000000000000000000C78001E1859
:109D50000033080023080021080021880021980012
:109D600030F00038600000000000000020000020FB
:109D70000000200000FFF003FFF80020080020088A
:109D8000002008000030000000000000000000007B
:109D90002000003FF0007FF80000180000080000DD
:109DA00008002010003FF8007FF0000010000000C5
:109DB000000000002000003000003C00003F800058
:109DC00023F0000078000070002380003C00003089
:109DD00000002000002000003C00003FE00023F8CD
:109DE0000000E0002700003E00003FE00021F800F6
:109DF00001E0003E000020000000000020080020DC
:109E000008003838003E680027800003C8002CF89E
:109E10000038380020180020080000000000000072
:109E20002000003003003C01003F830023EC0000D1
:109E300070002380003C0000200000200000000093
:109E40000000000000000038080020380020F80062
:109E500023E8002F88003E08003808002018000082
:109E60007000000000000000000000000000000082
:109E70000000000008000014001FF7FC300006205E
:109E800000020000000000000000000000000000D0
:109E900000000000000000000000FFFFFF000000C5
:109EA00000000000000000000000000000000000B2
:109EB00000002000023000061FF7FC00140000081C
:109EC0000000000000000000000000000000000092
:109ED000000000180000600000400000400000206A
:109EE00000001000000800000400000400000C0046
:109EF00000100000303132333435363738394142C2
:109F000043444546403058003031323334353637DB
:109F10003839616263646566403078000400000887
:109F2000000000000000000200010000100000001E
:109F300060A0000800000020480000006C0100083C
:109F4000A8A0000848000020380700008801000889
:109F50001001000043000000F8FFFFFF00404040F8
:109F600040404040404041414141414040404040EC
:109F70004040404040404040404040404005020298
:109F80000202020202020202020202020220202057
:109F900020202020202020020202020202029090B3
:109FA00090909090101010101010101010101010B1
:109FB0001010101010101010020202020202888805
:109FC0008888888808080808080808080808080811
:109FD00008080808080808080202020240000000F9
:109FE0000000000000000000000000000000000071
:109FF0000000000000000000000000000000000061
:10A000000000000000000000000000000000000050
:10A010000000000000000000000000000000000040
:10A020000000000000000000000000000000000030
:10A030000000000000000000000000000000000020
:10A040000000000000000000000000000000000010
:10A050000000000000000000000000000000000000
:10A0600000000000000000000000000000A24A0400
:10A0700000000000000000000102030406070809B8
:10A0800001000000FFFF00000000000000000000D1
:10A09000000000000000010203040102030406079F
:08A0A000080902040608000093
:0400000508000131BD
:00000001FF
